run_id,msg_id,control_type,src_id,dst_id,epoch,member_id,ch_id,task_count,x,y,z,creation_time
ugv_role_priority,ch0_EMERGENCY_RETURN_TRIGGERED_2517,EMERGENCY_RETURN_TRIGGERED,ch0,sink_gateway,-1,,,0,0,0,0,1.77178e+09
ugv_role_priority,ch0_EMERGENCY_RETURN_TRIGGERED_2511,EMERGENCY_RETURN_TRIGGERED,ch0,sink_gateway,-1,,,0,0,0,0,1.77178e+09
ugv_role_priority,ch0_EMERGENCY_RETURN_TRIGGERED_2508,EMERGENCY_RETURN_TRIGGERED,ch0,sink_gateway,-1,,,0,0,0,0,1.77178e+09
ugv_role_priority,ch0_EMERGENCY_RETURN_TRIGGERED_2499,EMERGENCY_RETURN_TRIGGERED,ch0,sink_gateway,-1,,,0,0,0,0,1.77178e+09
ugv_role_priority,ch0_EMERGENCY_RETURN_TRIGGERED_2496,EMERGENCY_RETURN_TRIGGERED,ch0,sink_gateway,-1,,,0,0,0,0,1.77178e+09
ugv_role_priority,ch0_EMERGENCY_RETURN_TRIGGERED_2490,EMERGENCY_RETURN_TRIGGERED,ch0,sink_gateway,-1,,,0,0,0,0,1.77178e+09
ugv_role_priority,ch0_EMERGENCY_RETURN_TRIGGERED_2481,EMERGENCY_RETURN_TRIGGERED,ch0,sink_gateway,-1,,,0,0,0,0,1.77178e+09
ugv_role_priority,ch0_EMERGENCY_RETURN_TRIGGERED_2466,EMERGENCY_RETURN_TRIGGERED,ch0,sink_gateway,-1,,,0,0,0,0,1.77178e+09
ugv_role_priority,ch0_EMERGENCY_RETURN_TRIGGERED_2463,EMERGENCY_RETURN_TRIGGERED,ch0,sink_gateway,-1,,,0,0,0,0,1.77178e+09
ugv_role_priority,ch0_EMERGENCY_RETURN_TRIGGERED_2454,EMERGENCY_RETURN_TRIGGERED,ch0,sink_gateway,-1,,,0,0,0,0,1.77178e+09
ugv_role_priority,ch0_EMERGENCY_RETURN_TRIGGERED_2445,EMERGENCY_RETURN_TRIGGERED,ch0,sink_gateway,-1,,,0,0,0,0,1.77178e+09
ugv_role_priority,ch0_EMERGENCY_RETURN_TRIGGERED_2442,EMERGENCY_RETURN_TRIGGERED,ch0,sink_gateway,-1,,,0,0,0,0,1.77178e+09
ugv_role_priority,ch0_EMERGENCY_RETURN_TRIGGERED_2439,EMERGENCY_RETURN_TRIGGERED,ch0,sink_gateway,-1,,,0,0,0,0,1.77178e+09
ugv_role_priority,ch0_EMERGENCY_RETURN_TRIGGERED_2436,EMERGENCY_RETURN_TRIGGERED,ch0,sink_gateway,-1,,,0,0,0,0,1.77178e+09
ugv_role_priority,ch0_EMERGENCY_RETURN_TRIGGERED_2430,EMERGENCY_RETURN_TRIGGERED,ch0,sink_gateway,-1,,,0,0,0,0,1.77178e+09
ugv_role_priority,uav2_EMERGENCY_RETURN_TRIGGERED_2675,EMERGENCY_RETURN_TRIGGERED,uav2,sink_gateway,-1,,,0,0,0,0,1.77178e+09
ugv_role_priority,uav2_EMERGENCY_RETURN_TRIGGERED_2672,EMERGENCY_RETURN_TRIGGERED,uav2,sink_gateway,-1,,,0,0,0,0,1.77178e+09
ugv_role_priority,ch0_EMERGENCY_RETURN_TRIGGERED_2424,EMERGENCY_RETURN_TRIGGERED,ch0,sink_gateway,-1,,,0,0,0,0,1.77178e+09
ugv_role_priority,ch0_EMERGENCY_RETURN_TRIGGERED_2418,EMERGENCY_RETURN_TRIGGERED,ch0,sink_gateway,-1,,,0,0,0,0,1.77178e+09
ugv_role_priority,uav2_EMERGENCY_RETURN_TRIGGERED_2660,EMERGENCY_RETURN_TRIGGERED,uav2,sink_gateway,-1,,,0,0,0,0,1.77178e+09
ugv_role_priority,uav2_EMERGENCY_RETURN_TRIGGERED_2654,EMERGENCY_RETURN_TRIGGERED,uav2,sink_gateway,-1,,,0,0,0,0,1.77178e+09
ugv_role_priority,ch0_EMERGENCY_RETURN_TRIGGERED_2448,EMERGENCY_RETURN_TRIGGERED,ch0,sink_gateway,-1,,,0,0,0,0,1.77178e+09
ugv_role_priority,uav2_EMERGENCY_RETURN_TRIGGERED_2651,EMERGENCY_RETURN_TRIGGERED,uav2,sink_gateway,-1,,,0,0,0,0,1.77178e+09
ugv_role_priority,uav2_EMERGENCY_RETURN_TRIGGERED_2645,EMERGENCY_RETURN_TRIGGERED,uav2,sink_gateway,-1,,,0,0,0,0,1.77178e+09
ugv_role_priority,uav2_EMERGENCY_RETURN_TRIGGERED_2639,EMERGENCY_RETURN_TRIGGERED,uav2,sink_gateway,-1,,,0,0,0,0,1.77178e+09
ugv_role_priority,uav2_EMERGENCY_RETURN_TRIGGERED_2636,EMERGENCY_RETURN_TRIGGERED,uav2,sink_gateway,-1,,,0,0,0,0,1.77178e+09
ugv_role_priority,uav2_EMERGENCY_RETURN_TRIGGERED_2633,EMERGENCY_RETURN_TRIGGERED,uav2,sink_gateway,-1,,,0,0,0,0,1.77178e+09
ugv_role_priority,uav2_EMERGENCY_RETURN_TRIGGERED_2630,EMERGENCY_RETURN_TRIGGERED,uav2,sink_gateway,-1,,,0,0,0,0,1.77178e+09
ugv_role_priority,uav2_EMERGENCY_RETURN_TRIGGERED_2624,EMERGENCY_RETURN_TRIGGERED,uav2,sink_gateway,-1,,,0,0,0,0,1.77178e+09
ugv_role_priority,uav2_EMERGENCY_RETURN_TRIGGERED_2627,EMERGENCY_RETURN_TRIGGERED,uav2,sink_gateway,-1,,,0,0,0,0,1.77178e+09
ugv_role_priority,uav2_EMERGENCY_RETURN_TRIGGERED_2606,EMERGENCY_RETURN_TRIGGERED,uav2,sink_gateway,-1,,,0,0,0,0,1.77178e+09
ugv_role_priority,uav3_RESPAWN_COMPLETED_2337,RESPAWN_COMPLETED,uav3,sink_gateway,-1,uav3,,0,0,0,0,1.77178e+09
ugv_role_priority,uav2_EMERGENCY_RETURN_TRIGGERED_2597,EMERGENCY_RETURN_TRIGGERED,uav2,sink_gateway,-1,,,0,0,0,0,1.77178e+09
ugv_role_priority,uav2_EMERGENCY_RETURN_TRIGGERED_2594,EMERGENCY_RETURN_TRIGGERED,uav2,sink_gateway,-1,,,0,0,0,0,1.77178e+09
ugv_role_priority,uav3_EMERGENCY_RETURN_TRIGGERED_2330,EMERGENCY_RETURN_TRIGGERED,uav3,sink_gateway,-1,,,0,0,0,0,1.77178e+09
ugv_role_priority,uav2_EMERGENCY_RETURN_TRIGGERED_2591,EMERGENCY_RETURN_TRIGGERED,uav2,sink_gateway,-1,,,0,0,0,0,1.77178e+09
ugv_role_priority,uav2_EMERGENCY_RETURN_TRIGGERED_2588,EMERGENCY_RETURN_TRIGGERED,uav2,sink_gateway,-1,,,0,0,0,0,1.77178e+09
ugv_role_priority,uav3_EMERGENCY_RETURN_TRIGGERED_2324,EMERGENCY_RETURN_TRIGGERED,uav3,sink_gateway,-1,,,0,0,0,0,1.77178e+09
ugv_role_priority,uav2_EMERGENCY_RETURN_TRIGGERED_2576,EMERGENCY_RETURN_TRIGGERED,uav2,sink_gateway,-1,,,0,0,0,0,1.77178e+09
ugv_role_priority,uav2_EMERGENCY_RETURN_TRIGGERED_2573,EMERGENCY_RETURN_TRIGGERED,uav2,sink_gateway,-1,,,0,0,0,0,1.77178e+09
ugv_role_priority,uav3_EMERGENCY_RETURN_TRIGGERED_2309,EMERGENCY_RETURN_TRIGGERED,uav3,sink_gateway,-1,,,0,0,0,0,1.77178e+09
ugv_role_priority,uav2_EMERGENCY_RETURN_TRIGGERED_2567,EMERGENCY_RETURN_TRIGGERED,uav2,sink_gateway,-1,,,0,0,0,0,1.77178e+09
ugv_role_priority,uav3_EMERGENCY_RETURN_TRIGGERED_2288,EMERGENCY_RETURN_TRIGGERED,uav3,sink_gateway,-1,,,0,0,0,0,1.77178e+09
ugv_role_priority,uav3_EMERGENCY_RETURN_TRIGGERED_2285,EMERGENCY_RETURN_TRIGGERED,uav3,sink_gateway,-1,,,0,0,0,0,1.77178e+09
ugv_role_priority,uav2_EMERGENCY_RETURN_TRIGGERED_2546,EMERGENCY_RETURN_TRIGGERED,uav2,sink_gateway,-1,,,0,0,0,0,1.77178e+09
ugv_role_priority,uav3_EMERGENCY_RETURN_TRIGGERED_2276,EMERGENCY_RETURN_TRIGGERED,uav3,sink_gateway,-1,,,0,0,0,0,1.77178e+09
ugv_role_priority,uav3_EMERGENCY_RETURN_TRIGGERED_2252,EMERGENCY_RETURN_TRIGGERED,uav3,sink_gateway,-1,,,0,0,0,0,1.77178e+09
ugv_role_priority,uav3_EMERGENCY_RETURN_TRIGGERED_2243,EMERGENCY_RETURN_TRIGGERED,uav3,sink_gateway,-1,,,0,0,0,0,1.77178e+09
ugv_role_priority,uav3_EMERGENCY_RETURN_TRIGGERED_2240,EMERGENCY_RETURN_TRIGGERED,uav3,sink_gateway,-1,,,0,0,0,0,1.77178e+09
ugv_role_priority,uav3_EMERGENCY_RETURN_TRIGGERED_2237,EMERGENCY_RETURN_TRIGGERED,uav3,sink_gateway,-1,,,0,0,0,0,1.77178e+09
ugv_role_priority,uav3_EMERGENCY_RETURN_TRIGGERED_2231,EMERGENCY_RETURN_TRIGGERED,uav3,sink_gateway,-1,,,0,0,0,0,1.77178e+09
ugv_role_priority,uav3_EMERGENCY_RETURN_TRIGGERED_2261,EMERGENCY_RETURN_TRIGGERED,uav3,sink_gateway,-1,,,0,0,0,0,1.77178e+09
ugv_role_priority,uav3_EMERGENCY_RETURN_TRIGGERED_2228,EMERGENCY_RETURN_TRIGGERED,uav3,sink_gateway,-1,,,0,0,0,0,1.77178e+09
ugv_role_priority,uav3_EMERGENCY_RETURN_TRIGGERED_2225,EMERGENCY_RETURN_TRIGGERED,uav3,sink_gateway,-1,,,0,0,0,0,1.77178e+09
ugv_role_priority,ch0_EMERGENCY_RETURN_TRIGGERED_2502,EMERGENCY_RETURN_TRIGGERED,ch0,sink_gateway,-1,,,0,0,0,0,1.77178e+09
ugv_role_priority,uav3_EMERGENCY_RETURN_TRIGGERED_2216,EMERGENCY_RETURN_TRIGGERED,uav3,sink_gateway,-1,,,0,0,0,0,1.77178e+09
ugv_role_priority,uav3_EMERGENCY_RETURN_TRIGGERED_2196,EMERGENCY_RETURN_TRIGGERED,uav3,sink_gateway,-1,,,0,0,0,0,1.77178e+09
ugv_role_priority,uav3_EMERGENCY_RETURN_TRIGGERED_2207,EMERGENCY_RETURN_TRIGGERED,uav3,sink_gateway,-1,,,0,0,0,0,1.77178e+09
ugv_role_priority,uav1_EMERGENCY_RETURN_TRIGGERED_2761,EMERGENCY_RETURN_TRIGGERED,uav1,sink_gateway,-1,,,0,0,0,0,1.77178e+09
ugv_role_priority,uav1_EMERGENCY_RETURN_TRIGGERED_2755,EMERGENCY_RETURN_TRIGGERED,uav1,sink_gateway,-1,,,0,0,0,0,1.77178e+09
ugv_role_priority,uav1_EMERGENCY_RETURN_TRIGGERED_2725,EMERGENCY_RETURN_TRIGGERED,uav1,sink_gateway,-1,,,0,0,0,0,1.77178e+09
ugv_role_priority,uav1_EMERGENCY_RETURN_TRIGGERED_2710,EMERGENCY_RETURN_TRIGGERED,uav1,sink_gateway,-1,,,0,0,0,0,1.77178e+09
ugv_role_priority,ch0_EMERGENCY_RETURN_TRIGGERED_2493,EMERGENCY_RETURN_TRIGGERED,ch0,sink_gateway,-1,,,0,0,0,0,1.77178e+09
ugv_role_priority,uav2_EMERGENCY_RETURN_TRIGGERED_2552,EMERGENCY_RETURN_TRIGGERED,uav2,sink_gateway,-1,,,0,0,0,0,1.77178e+09
ugv_role_priority,uav1_EMERGENCY_RETURN_TRIGGERED_2700,EMERGENCY_RETURN_TRIGGERED,uav1,sink_gateway,-1,,,0,0,0,0,1.77178e+09
ugv_role_priority,uav3_EMERGENCY_RETURN_TRIGGERED_2149,EMERGENCY_RETURN_TRIGGERED,uav3,sink_gateway,-1,,,0,0,0,0,1.77178e+09
ugv_role_priority,uav1_EMERGENCY_RETURN_TRIGGERED_2687,EMERGENCY_RETURN_TRIGGERED,uav1,sink_gateway,-1,,,0,0,0,0,1.77178e+09
ugv_role_priority,uav2_RESPAWN_COMPLETED_2166,RESPAWN_COMPLETED,uav2,sink_gateway,-1,uav2,,0,0,0,0,1.77178e+09
ugv_role_priority,uav2_EMERGENCY_RETURN_TRIGGERED_2159,EMERGENCY_RETURN_TRIGGERED,uav2,sink_gateway,-1,,,0,0,0,0,1.77178e+09
ugv_role_priority,uav2_EMERGENCY_RETURN_TRIGGERED_2157,EMERGENCY_RETURN_TRIGGERED,uav2,sink_gateway,-1,,,0,0,0,0,1.77178e+09
ugv_role_priority,uav2_EMERGENCY_RETURN_TRIGGERED_2148,EMERGENCY_RETURN_TRIGGERED,uav2,sink_gateway,-1,,,0,0,0,0,1.77178e+09
ugv_role_priority,uav2_EMERGENCY_RETURN_TRIGGERED_2134,EMERGENCY_RETURN_TRIGGERED,uav2,sink_gateway,-1,,,0,0,0,0,1.77178e+09
ugv_role_priority,uav2_EMERGENCY_RETURN_TRIGGERED_2128,EMERGENCY_RETURN_TRIGGERED,uav2,sink_gateway,-1,,,0,0,0,0,1.77178e+09
ugv_role_priority,uav3_RESPAWN_COMPLETED_1906,RESPAWN_COMPLETED,uav3,sink_gateway,-1,uav3,,0,0,0,0,1.77178e+09
ugv_role_priority,uav3_EMERGENCY_RETURN_TRIGGERED_1902,EMERGENCY_RETURN_TRIGGERED,uav3,sink_gateway,-1,,,0,0,0,0,1.77178e+09
ugv_role_priority,uav2_EMERGENCY_RETURN_TRIGGERED_2120,EMERGENCY_RETURN_TRIGGERED,uav2,sink_gateway,-1,,,0,0,0,0,1.77178e+09
ugv_role_priority,uav2_EMERGENCY_RETURN_TRIGGERED_2111,EMERGENCY_RETURN_TRIGGERED,uav2,sink_gateway,-1,,,0,0,0,0,1.77178e+09
ugv_role_priority,uav2_EMERGENCY_RETURN_TRIGGERED_2108,EMERGENCY_RETURN_TRIGGERED,uav2,sink_gateway,-1,,,0,0,0,0,1.77178e+09
ugv_role_priority,uav2_EMERGENCY_RETURN_TRIGGERED_2105,EMERGENCY_RETURN_TRIGGERED,uav2,sink_gateway,-1,,,0,0,0,0,1.77178e+09
ugv_role_priority,uav2_EMERGENCY_RETURN_TRIGGERED_2070,EMERGENCY_RETURN_TRIGGERED,uav2,sink_gateway,-1,,,0,0,0,0,1.77178e+09
ugv_role_priority,uav2_EMERGENCY_RETURN_TRIGGERED_2621,EMERGENCY_RETURN_TRIGGERED,uav2,sink_gateway,-1,,,0,0,0,0,1.77178e+09
ugv_role_priority,uav3_EMERGENCY_RETURN_TRIGGERED_2333,EMERGENCY_RETURN_TRIGGERED,uav3,sink_gateway,-1,,,0,0,0,0,1.77178e+09
ugv_role_priority,uav3_EMERGENCY_RETURN_TRIGGERED_2300,EMERGENCY_RETURN_TRIGGERED,uav3,sink_gateway,-1,,,0,0,0,0,1.77178e+09
ugv_role_priority,uav3_EMERGENCY_RETURN_TRIGGERED_1860,EMERGENCY_RETURN_TRIGGERED,uav3,sink_gateway,-1,,,0,0,0,0,1.77178e+09
ugv_role_priority,uav2_EMERGENCY_RETURN_TRIGGERED_2061,EMERGENCY_RETURN_TRIGGERED,uav2,sink_gateway,-1,,,0,0,0,0,1.77178e+09
ugv_role_priority,uav3_EMERGENCY_RETURN_TRIGGERED_1852,EMERGENCY_RETURN_TRIGGERED,uav3,sink_gateway,-1,,,0,0,0,0,1.77178e+09
ugv_role_priority,uav2_EMERGENCY_RETURN_TRIGGERED_2142,EMERGENCY_RETURN_TRIGGERED,uav2,sink_gateway,-1,,,0,0,0,0,1.77178e+09
ugv_role_priority,uav3_EMERGENCY_RETURN_TRIGGERED_1849,EMERGENCY_RETURN_TRIGGERED,uav3,sink_gateway,-1,,,0,0,0,0,1.77178e+09
ugv_role_priority,uav2_EMERGENCY_RETURN_TRIGGERED_2047,EMERGENCY_RETURN_TRIGGERED,uav2,sink_gateway,-1,,,0,0,0,0,1.77178e+09
ugv_role_priority,uav3_EMERGENCY_RETURN_TRIGGERED_1834,EMERGENCY_RETURN_TRIGGERED,uav3,sink_gateway,-1,,,0,0,0,0,1.77178e+09
ugv_role_priority,uav3_EMERGENCY_RETURN_TRIGGERED_1828,EMERGENCY_RETURN_TRIGGERED,uav3,sink_gateway,-1,,,0,0,0,0,1.77178e+09
ugv_role_priority,uav3_EMERGENCY_RETURN_TRIGGERED_1823,EMERGENCY_RETURN_TRIGGERED,uav3,sink_gateway,-1,,,0,0,0,0,1.77178e+09
ugv_role_priority,uav1_EMERGENCY_RETURN_TRIGGERED_2572,EMERGENCY_RETURN_TRIGGERED,uav1,sink_gateway,-1,,,0,0,0,0,1.77178e+09
ugv_role_priority,uav3_EMERGENCY_RETURN_TRIGGERED_1820,EMERGENCY_RETURN_TRIGGERED,uav3,sink_gateway,-1,,,0,0,0,0,1.77178e+09
ugv_role_priority,uav3_EMERGENCY_RETURN_TRIGGERED_1817,EMERGENCY_RETURN_TRIGGERED,uav3,sink_gateway,-1,,,0,0,0,0,1.77178e+09
ugv_role_priority,uav3_EMERGENCY_RETURN_TRIGGERED_1805,EMERGENCY_RETURN_TRIGGERED,uav3,sink_gateway,-1,,,0,0,0,0,1.77178e+09
ugv_role_priority,uav3_EMERGENCY_RETURN_TRIGGERED_2312,EMERGENCY_RETURN_TRIGGERED,uav3,sink_gateway,-1,,,0,0,0,0,1.77178e+09
ugv_role_priority,uav2_EMERGENCY_RETURN_TRIGGERED_2010,EMERGENCY_RETURN_TRIGGERED,uav2,sink_gateway,-1,,,0,0,0,0,1.77178e+09
ugv_role_priority,uav3_EMERGENCY_RETURN_TRIGGERED_1780,EMERGENCY_RETURN_TRIGGERED,uav3,sink_gateway,-1,,,0,0,0,0,1.77178e+09
ugv_role_priority,uav3_EMERGENCY_RETURN_TRIGGERED_2219,EMERGENCY_RETURN_TRIGGERED,uav3,sink_gateway,-1,,,0,0,0,0,1.77178e+09
ugv_role_priority,uav1_EMERGENCY_RETURN_TRIGGERED_2335,EMERGENCY_RETURN_TRIGGERED,uav1,sink_gateway,-1,,,0,0,0,0,1.77178e+09
ugv_role_priority,uav1_EMERGENCY_RETURN_TRIGGERED_2326,EMERGENCY_RETURN_TRIGGERED,uav1,sink_gateway,-1,,,0,0,0,0,1.77178e+09
ugv_role_priority,uav1_EMERGENCY_RETURN_TRIGGERED_2323,EMERGENCY_RETURN_TRIGGERED,uav1,sink_gateway,-1,,,0,0,0,0,1.77178e+09
ugv_role_priority,uav3_EMERGENCY_RETURN_TRIGGERED_1889,EMERGENCY_RETURN_TRIGGERED,uav3,sink_gateway,-1,,,0,0,0,0,1.77178e+09
ugv_role_priority,uav1_EMERGENCY_RETURN_TRIGGERED_2320,EMERGENCY_RETURN_TRIGGERED,uav1,sink_gateway,-1,,,0,0,0,0,1.77178e+09
ugv_role_priority,uav1_EMERGENCY_RETURN_TRIGGERED_2317,EMERGENCY_RETURN_TRIGGERED,uav1,sink_gateway,-1,,,0,0,0,0,1.77178e+09
ugv_role_priority,uav1_EMERGENCY_RETURN_TRIGGERED_2707,EMERGENCY_RETURN_TRIGGERED,uav1,sink_gateway,-1,,,0,0,0,0,1.77178e+09
ugv_role_priority,uav2_EMERGENCY_RETURN_TRIGGERED_2154,EMERGENCY_RETURN_TRIGGERED,uav2,sink_gateway,-1,,,0,0,0,0,1.77178e+09
ugv_role_priority,uav1_EMERGENCY_RETURN_TRIGGERED_2314,EMERGENCY_RETURN_TRIGGERED,uav1,sink_gateway,-1,,,0,0,0,0,1.77178e+09
ugv_role_priority,uav2_EMERGENCY_RETURN_TRIGGERED_1979,EMERGENCY_RETURN_TRIGGERED,uav2,sink_gateway,-1,,,0,0,0,0,1.77178e+09
ugv_role_priority,uav1_EMERGENCY_RETURN_TRIGGERED_2311,EMERGENCY_RETURN_TRIGGERED,uav1,sink_gateway,-1,,,0,0,0,0,1.77178e+09
ugv_role_priority,uav3_EMERGENCY_RETURN_TRIGGERED_2327,EMERGENCY_RETURN_TRIGGERED,uav3,sink_gateway,-1,,,0,0,0,0,1.77178e+09
ugv_role_priority,uav3_EMERGENCY_RETURN_TRIGGERED_2264,EMERGENCY_RETURN_TRIGGERED,uav3,sink_gateway,-1,,,0,0,0,0,1.77178e+09
ugv_role_priority,uav1_EMERGENCY_RETURN_TRIGGERED_2308,EMERGENCY_RETURN_TRIGGERED,uav1,sink_gateway,-1,,,0,0,0,0,1.77178e+09
ugv_role_priority,uav3_EMERGENCY_RETURN_TRIGGERED_2210,EMERGENCY_RETURN_TRIGGERED,uav3,sink_gateway,-1,,,0,0,0,0,1.77178e+09
ugv_role_priority,uav1_EMERGENCY_RETURN_TRIGGERED_2302,EMERGENCY_RETURN_TRIGGERED,uav1,sink_gateway,-1,,,0,0,0,0,1.77178e+09
ugv_role_priority,uav1_EMERGENCY_RETURN_TRIGGERED_2299,EMERGENCY_RETURN_TRIGGERED,uav1,sink_gateway,-1,,,0,0,0,0,1.77178e+09
ugv_role_priority,uav1_EMERGENCY_RETURN_TRIGGERED_2293,EMERGENCY_RETURN_TRIGGERED,uav1,sink_gateway,-1,,,0,0,0,0,1.77178e+09
ugv_role_priority,uav2_EMERGENCY_RETURN_TRIGGERED_2124,EMERGENCY_RETURN_TRIGGERED,uav2,sink_gateway,-1,,,0,0,0,0,1.77178e+09
ugv_role_priority,uav1_EMERGENCY_RETURN_TRIGGERED_2290,EMERGENCY_RETURN_TRIGGERED,uav1,sink_gateway,-1,,,0,0,0,0,1.77178e+09
ugv_role_priority,uav1_EMERGENCY_RETURN_TRIGGERED_2284,EMERGENCY_RETURN_TRIGGERED,uav1,sink_gateway,-1,,,0,0,0,0,1.77178e+09
ugv_role_priority,uav1_EMERGENCY_RETURN_TRIGGERED_2281,EMERGENCY_RETURN_TRIGGERED,uav1,sink_gateway,-1,,,0,0,0,0,1.77178e+09
ugv_role_priority,uav2_EMERGENCY_RETURN_TRIGGERED_1988,EMERGENCY_RETURN_TRIGGERED,uav2,sink_gateway,-1,,,0,0,0,0,1.77178e+09
ugv_role_priority,uav1_EMERGENCY_RETURN_TRIGGERED_2273,EMERGENCY_RETURN_TRIGGERED,uav1,sink_gateway,-1,,,0,0,0,0,1.77178e+09
ugv_role_priority,uav2_EMERGENCY_RETURN_TRIGGERED_2642,EMERGENCY_RETURN_TRIGGERED,uav2,sink_gateway,-1,,,0,0,0,0,1.77178e+09
ugv_role_priority,uav1_EMERGENCY_RETURN_TRIGGERED_2267,EMERGENCY_RETURN_TRIGGERED,uav1,sink_gateway,-1,,,0,0,0,0,1.77178e+09
ugv_role_priority,uav1_EMERGENCY_RETURN_TRIGGERED_2261,EMERGENCY_RETURN_TRIGGERED,uav1,sink_gateway,-1,,,0,0,0,0,1.77178e+09
ugv_role_priority,uav1_EMERGENCY_RETURN_TRIGGERED_2258,EMERGENCY_RETURN_TRIGGERED,uav1,sink_gateway,-1,,,0,0,0,0,1.77178e+09
ugv_role_priority,uav1_EMERGENCY_RETURN_TRIGGERED_2749,EMERGENCY_RETURN_TRIGGERED,uav1,sink_gateway,-1,,,0,0,0,0,1.77178e+09
ugv_role_priority,uav1_EMERGENCY_RETURN_TRIGGERED_2249,EMERGENCY_RETURN_TRIGGERED,uav1,sink_gateway,-1,,,0,0,0,0,1.77178e+09
ugv_role_priority,uav1_EMERGENCY_RETURN_TRIGGERED_2246,EMERGENCY_RETURN_TRIGGERED,uav1,sink_gateway,-1,,,0,0,0,0,1.77178e+09
ugv_role_priority,uav1_EMERGENCY_RETURN_TRIGGERED_2243,EMERGENCY_RETURN_TRIGGERED,uav1,sink_gateway,-1,,,0,0,0,0,1.77178e+09
ugv_role_priority,uav2_EMERGENCY_RETURN_TRIGGERED_2669,EMERGENCY_RETURN_TRIGGERED,uav2,sink_gateway,-1,,,0,0,0,0,1.77178e+09
ugv_role_priority,uav1_EMERGENCY_RETURN_TRIGGERED_2240,EMERGENCY_RETURN_TRIGGERED,uav1,sink_gateway,-1,,,0,0,0,0,1.77178e+09
ugv_role_priority,uav1_EMERGENCY_RETURN_TRIGGERED_2231,EMERGENCY_RETURN_TRIGGERED,uav1,sink_gateway,-1,,,0,0,0,0,1.77178e+09
ugv_role_priority,ch1_RESPAWN_COMPLETED_2068,RESPAWN_COMPLETED,ch1,sink_gateway,-1,ch1,,0,0,0,0,1.77178e+09
ugv_role_priority,ch1_EMERGENCY_RETURN_TRIGGERED_2054,EMERGENCY_RETURN_TRIGGERED,ch1,sink_gateway,-1,,,0,0,0,0,1.77178e+09
ugv_role_priority,uav2_EMERGENCY_RETURN_TRIGGERED_2131,EMERGENCY_RETURN_TRIGGERED,uav2,sink_gateway,-1,,,0,0,0,0,1.77178e+09
ugv_role_priority,ch1_EMERGENCY_RETURN_TRIGGERED_2051,EMERGENCY_RETURN_TRIGGERED,ch1,sink_gateway,-1,,,0,0,0,0,1.77178e+09
ugv_role_priority,uav3_EMERGENCY_RETURN_TRIGGERED_2249,EMERGENCY_RETURN_TRIGGERED,uav3,sink_gateway,-1,,,0,0,0,0,1.77178e+09
ugv_role_priority,ch1_EMERGENCY_RETURN_TRIGGERED_2045,EMERGENCY_RETURN_TRIGGERED,ch1,sink_gateway,-1,,,0,0,0,0,1.77178e+09
ugv_role_priority,uav2_EMERGENCY_RETURN_TRIGGERED_2064,EMERGENCY_RETURN_TRIGGERED,uav2,sink_gateway,-1,,,0,0,0,0,1.77178e+09
ugv_role_priority,uav1_EMERGENCY_RETURN_TRIGGERED_2296,EMERGENCY_RETURN_TRIGGERED,uav1,sink_gateway,-1,,,0,0,0,0,1.77178e+09
ugv_role_priority,ch1_EMERGENCY_RETURN_TRIGGERED_2038,EMERGENCY_RETURN_TRIGGERED,ch1,sink_gateway,-1,,,0,0,0,0,1.77178e+09
ugv_role_priority,ch1_EMERGENCY_RETURN_TRIGGERED_2029,EMERGENCY_RETURN_TRIGGERED,ch1,sink_gateway,-1,,,0,0,0,0,1.77178e+09
ugv_role_priority,ch1_EMERGENCY_RETURN_TRIGGERED_2026,EMERGENCY_RETURN_TRIGGERED,ch1,sink_gateway,-1,,,0,0,0,0,1.77178e+09
ugv_role_priority,ch1_EMERGENCY_RETURN_TRIGGERED_2019,EMERGENCY_RETURN_TRIGGERED,ch1,sink_gateway,-1,,,0,0,0,0,1.77178e+09
ugv_role_priority,uav3_EMERGENCY_RETURN_TRIGGERED_1855,EMERGENCY_RETURN_TRIGGERED,uav3,sink_gateway,-1,,,0,0,0,0,1.77178e+09
ugv_role_priority,ch1_EMERGENCY_RETURN_TRIGGERED_2013,EMERGENCY_RETURN_TRIGGERED,ch1,sink_gateway,-1,,,0,0,0,0,1.77178e+09
ugv_role_priority,ch1_EMERGENCY_RETURN_TRIGGERED_2003,EMERGENCY_RETURN_TRIGGERED,ch1,sink_gateway,-1,,,0,0,0,0,1.77178e+09
ugv_role_priority,ch1_EMERGENCY_RETURN_TRIGGERED_2000,EMERGENCY_RETURN_TRIGGERED,ch1,sink_gateway,-1,,,0,0,0,0,1.77178e+09
ugv_role_priority,ch1_EMERGENCY_RETURN_TRIGGERED_1994,EMERGENCY_RETURN_TRIGGERED,ch1,sink_gateway,-1,,,0,0,0,0,1.77178e+09
ugv_role_priority,ch0_EMERGENCY_RETURN_TRIGGERED_2505,EMERGENCY_RETURN_TRIGGERED,ch0,sink_gateway,-1,,,0,0,0,0,1.77178e+09
ugv_role_priority,uav3_EMERGENCY_RETURN_TRIGGERED_2318,EMERGENCY_RETURN_TRIGGERED,uav3,sink_gateway,-1,,,0,0,0,0,1.77178e+09
ugv_role_priority,ch1_EMERGENCY_RETURN_TRIGGERED_1990,EMERGENCY_RETURN_TRIGGERED,ch1,sink_gateway,-1,,,0,0,0,0,1.77178e+09
ugv_role_priority,uav2_EMERGENCY_RETURN_TRIGGERED_2615,EMERGENCY_RETURN_TRIGGERED,uav2,sink_gateway,-1,,,0,0,0,0,1.77178e+09
ugv_role_priority,uav1_EMERGENCY_RETURN_TRIGGERED_2713,EMERGENCY_RETURN_TRIGGERED,uav1,sink_gateway,-1,,,0,0,0,0,1.77178e+09
ugv_role_priority,ch1_EMERGENCY_RETURN_TRIGGERED_1987,EMERGENCY_RETURN_TRIGGERED,ch1,sink_gateway,-1,,,0,0,0,0,1.77178e+09
ugv_role_priority,ch1_EMERGENCY_RETURN_TRIGGERED_1981,EMERGENCY_RETURN_TRIGGERED,ch1,sink_gateway,-1,,,0,0,0,0,1.77178e+09
ugv_role_priority,ch1_EMERGENCY_RETURN_TRIGGERED_1971,EMERGENCY_RETURN_TRIGGERED,ch1,sink_gateway,-1,,,0,0,0,0,1.77178e+09
ugv_role_priority,ch1_EMERGENCY_RETURN_TRIGGERED_1968,EMERGENCY_RETURN_TRIGGERED,ch1,sink_gateway,-1,,,0,0,0,0,1.77178e+09
ugv_role_priority,ch1_EMERGENCY_RETURN_TRIGGERED_1965,EMERGENCY_RETURN_TRIGGERED,ch1,sink_gateway,-1,,,0,0,0,0,1.77178e+09
ugv_role_priority,ch1_EMERGENCY_RETURN_TRIGGERED_1957,EMERGENCY_RETURN_TRIGGERED,ch1,sink_gateway,-1,,,0,0,0,0,1.77178e+09
ugv_role_priority,ch1_EMERGENCY_RETURN_TRIGGERED_1004,EMERGENCY_RETURN_TRIGGERED,ch1,sink_gateway,-1,,,0,0,0,0,1.77177e+09
ugv_role_priority,ch1_EMERGENCY_RETURN_TRIGGERED_985,EMERGENCY_RETURN_TRIGGERED,ch1,sink_gateway,-1,,,0,0,0,0,1.77177e+09
ugv_role_priority,ch1_EMERGENCY_RETURN_TRIGGERED_1020,EMERGENCY_RETURN_TRIGGERED,ch1,sink_gateway,-1,,,0,0,0,0,1.77177e+09
ugv_role_priority,uav1_EMERGENCY_RETURN_TRIGGERED_1774,EMERGENCY_RETURN_TRIGGERED,uav1,sink_gateway,-1,,,0,0,0,0,1.77178e+09
ugv_role_priority,uav1_RESPAWN_COMPLETED_2339,RESPAWN_COMPLETED,uav1,sink_gateway,-1,uav1,,0,0,0,0,1.77178e+09
ugv_role_priority,ch1_EMERGENCY_RETURN_TRIGGERED_972,EMERGENCY_RETURN_TRIGGERED,ch1,sink_gateway,-1,,,0,0,0,0,1.77177e+09
ugv_role_priority,uav2_EMERGENCY_RETURN_TRIGGERED_2151,EMERGENCY_RETURN_TRIGGERED,uav2,sink_gateway,-1,,,0,0,0,0,1.77178e+09
ugv_role_priority,ch1_EMERGENCY_RETURN_TRIGGERED_1500,EMERGENCY_RETURN_TRIGGERED,ch1,sink_gateway,-1,,,0,0,0,0,1.77178e+09
ugv_role_priority,uav3_EMERGENCY_RETURN_TRIGGERED_2282,EMERGENCY_RETURN_TRIGGERED,uav3,sink_gateway,-1,,,0,0,0,0,1.77178e+09
ugv_role_priority,ch1_EMERGENCY_RETURN_TRIGGERED_964,EMERGENCY_RETURN_TRIGGERED,ch1,sink_gateway,-1,,,0,0,0,0,1.77177e+09
ugv_role_priority,uav2_EMERGENCY_RETURN_TRIGGERED_2114,EMERGENCY_RETURN_TRIGGERED,uav2,sink_gateway,-1,,,0,0,0,0,1.77178e+09
ugv_role_priority,uav3_EMERGENCY_RETURN_TRIGGERED_1838,EMERGENCY_RETURN_TRIGGERED,uav3,sink_gateway,-1,,,0,0,0,0,1.77178e+09
ugv_role_priority,ch1_EMERGENCY_RETURN_TRIGGERED_536,EMERGENCY_RETURN_TRIGGERED,ch1,sink_gateway,-1,,,0,0,0,0,1.77177e+09
ugv_role_priority,ch1_EMERGENCY_RETURN_TRIGGERED_507,EMERGENCY_RETURN_TRIGGERED,ch1,sink_gateway,-1,,,0,0,0,0,1.77177e+09
ugv_role_priority,uav1_EMERGENCY_RETURN_TRIGGERED_952,EMERGENCY_RETURN_TRIGGERED,uav1,sink_gateway,-1,,,0,0,0,0,1.77177e+09
ugv_role_priority,ch1_EMERGENCY_RETURN_TRIGGERED_1519,EMERGENCY_RETURN_TRIGGERED,ch1,sink_gateway,-1,,,0,0,0,0,1.77178e+09
ugv_role_priority,uav1_EMERGENCY_RETURN_TRIGGERED_949,EMERGENCY_RETURN_TRIGGERED,uav1,sink_gateway,-1,,,0,0,0,0,1.77177e+09
ugv_role_priority,ch1_EMERGENCY_RETURN_TRIGGERED_1033,EMERGENCY_RETURN_TRIGGERED,ch1,sink_gateway,-1,,,0,0,0,0,1.77177e+09
ugv_role_priority,uav1_EMERGENCY_RETURN_TRIGGERED_940,EMERGENCY_RETURN_TRIGGERED,uav1,sink_gateway,-1,,,0,0,0,0,1.77177e+09
ugv_role_priority,uav1_EMERGENCY_RETURN_TRIGGERED_928,EMERGENCY_RETURN_TRIGGERED,uav1,sink_gateway,-1,,,0,0,0,0,1.77177e+09
ugv_role_priority,ch1_EMERGENCY_RETURN_TRIGGERED_484,EMERGENCY_RETURN_TRIGGERED,ch1,sink_gateway,-1,,,0,0,0,0,1.77177e+09
ugv_role_priority,uav1_EMERGENCY_RETURN_TRIGGERED_919,EMERGENCY_RETURN_TRIGGERED,uav1,sink_gateway,-1,,,0,0,0,0,1.77177e+09
ugv_role_priority,uav1_EMERGENCY_RETURN_TRIGGERED_859,EMERGENCY_RETURN_TRIGGERED,uav1,sink_gateway,-1,,,0,0,0,0,1.77177e+09
ugv_role_priority,uav1_EMERGENCY_RETURN_TRIGGERED_2683,EMERGENCY_RETURN_TRIGGERED,uav1,sink_gateway,-1,,,0,0,0,0,1.77178e+09
ugv_role_priority,uav1_EMERGENCY_RETURN_TRIGGERED_886,EMERGENCY_RETURN_TRIGGERED,uav1,sink_gateway,-1,,,0,0,0,0,1.77177e+09
ugv_role_priority,uav2_EMERGENCY_RETURN_TRIGGERED_2603,EMERGENCY_RETURN_TRIGGERED,uav2,sink_gateway,-1,,,0,0,0,0,1.77178e+09
ugv_role_priority,ch1_EMERGENCY_RETURN_TRIGGERED_1052,EMERGENCY_RETURN_TRIGGERED,ch1,sink_gateway,-1,,,0,0,0,0,1.77177e+09
ugv_role_priority,uav1_EMERGENCY_RETURN_TRIGGERED_2737,EMERGENCY_RETURN_TRIGGERED,uav1,sink_gateway,-1,,,0,0,0,0,1.77178e+09
ugv_role_priority,uav1_EMERGENCY_RETURN_TRIGGERED_907,EMERGENCY_RETURN_TRIGGERED,uav1,sink_gateway,-1,,,0,0,0,0,1.77177e+09
ugv_role_priority,uav1_EMERGENCY_RETURN_TRIGGERED_355,EMERGENCY_RETURN_TRIGGERED,uav1,sink_gateway,-1,,,0,0,0,0,1.77177e+09
ugv_role_priority,uav1_EMERGENCY_RETURN_TRIGGERED_2675,EMERGENCY_RETURN_TRIGGERED,uav1,sink_gateway,-1,,,0,0,0,0,1.77178e+09
ugv_role_priority,ch1_EMERGENCY_RETURN_TRIGGERED_1010,EMERGENCY_RETURN_TRIGGERED,ch1,sink_gateway,-1,,,0,0,0,0,1.77177e+09
ugv_role_priority,uav1_EMERGENCY_RETURN_TRIGGERED_847,EMERGENCY_RETURN_TRIGGERED,uav1,sink_gateway,-1,,,0,0,0,0,1.77177e+09
ugv_role_priority,uav1_EMERGENCY_RETURN_TRIGGERED_925,EMERGENCY_RETURN_TRIGGERED,uav1,sink_gateway,-1,,,0,0,0,0,1.77177e+09
ugv_role_priority,uav1_EMERGENCY_RETURN_TRIGGERED_1324,EMERGENCY_RETURN_TRIGGERED,uav1,sink_gateway,-1,,,0,0,0,0,1.77177e+09
ugv_role_priority,ch1_EMERGENCY_RETURN_TRIGGERED_988,EMERGENCY_RETURN_TRIGGERED,ch1,sink_gateway,-1,,,0,0,0,0,1.77177e+09
ugv_role_priority,ch0_EMERGENCY_RETURN_TRIGGERED_2475,EMERGENCY_RETURN_TRIGGERED,ch0,sink_gateway,-1,,,0,0,0,0,1.77178e+09
ugv_role_priority,ch1_EMERGENCY_RETURN_TRIGGERED_982,EMERGENCY_RETURN_TRIGGERED,ch1,sink_gateway,-1,,,0,0,0,0,1.77177e+09
ugv_role_priority,uav1_EMERGENCY_RETURN_TRIGGERED_418,EMERGENCY_RETURN_TRIGGERED,uav1,sink_gateway,-1,,,0,0,0,0,1.77177e+09
ugv_role_priority,uav1_EMERGENCY_RETURN_TRIGGERED_892,EMERGENCY_RETURN_TRIGGERED,uav1,sink_gateway,-1,,,0,0,0,0,1.77177e+09
ugv_role_priority,uav2_RESPAWN_COMPLETED_2679,RESPAWN_COMPLETED,uav2,sink_gateway,-1,uav2,,0,0,0,0,1.77178e+09
ugv_role_priority,ch1_EMERGENCY_RETURN_TRIGGERED_2064,EMERGENCY_RETURN_TRIGGERED,ch1,sink_gateway,-1,,,0,0,0,0,1.77178e+09
ugv_role_priority,uav1_EMERGENCY_RETURN_TRIGGERED_1408,EMERGENCY_RETURN_TRIGGERED,uav1,sink_gateway,-1,,,0,0,0,0,1.77177e+09
ugv_role_priority,uav1_EMERGENCY_RETURN_TRIGGERED_2704,EMERGENCY_RETURN_TRIGGERED,uav1,sink_gateway,-1,,,0,0,0,0,1.77178e+09
ugv_role_priority,uav1_EMERGENCY_RETURN_TRIGGERED_1855,EMERGENCY_RETURN_TRIGGERED,uav1,sink_gateway,-1,,,0,0,0,0,1.77178e+09
ugv_role_priority,uav2_EMERGENCY_RETURN_TRIGGERED_2103,EMERGENCY_RETURN_TRIGGERED,uav2,sink_gateway,-1,,,0,0,0,0,1.77178e+09
ugv_role_priority,uav1_EMERGENCY_RETURN_TRIGGERED_868,EMERGENCY_RETURN_TRIGGERED,uav1,sink_gateway,-1,,,0,0,0,0,1.77177e+09
ugv_role_priority,uav2_EMERGENCY_RETURN_TRIGGERED_2648,EMERGENCY_RETURN_TRIGGERED,uav2,sink_gateway,-1,,,0,0,0,0,1.77178e+09
ugv_role_priority,uav1_EMERGENCY_RETURN_TRIGGERED_904,EMERGENCY_RETURN_TRIGGERED,uav1,sink_gateway,-1,,,0,0,0,0,1.77177e+09
ugv_role_priority,uav1_EMERGENCY_RETURN_TRIGGERED_895,EMERGENCY_RETURN_TRIGGERED,uav1,sink_gateway,-1,,,0,0,0,0,1.77177e+09
ugv_role_priority,uav1_EMERGENCY_RETURN_TRIGGERED_1801,EMERGENCY_RETURN_TRIGGERED,uav1,sink_gateway,-1,,,0,0,0,0,1.77178e+09
ugv_role_priority,uav1_EMERGENCY_RETURN_TRIGGERED_865,EMERGENCY_RETURN_TRIGGERED,uav1,sink_gateway,-1,,,0,0,0,0,1.77177e+09
ugv_role_priority,uav1_EMERGENCY_RETURN_TRIGGERED_862,EMERGENCY_RETURN_TRIGGERED,uav1,sink_gateway,-1,,,0,0,0,0,1.77177e+09
ugv_role_priority,ch1_RESPAWN_COMPLETED_1562,RESPAWN_COMPLETED,ch1,sink_gateway,-1,ch1,,0,0,0,0,1.77178e+09
ugv_role_priority,uav3_EMERGENCY_RETURN_TRIGGERED_2291,EMERGENCY_RETURN_TRIGGERED,uav3,sink_gateway,-1,,,0,0,0,0,1.77178e+09
ugv_role_priority,uav1_EMERGENCY_RETURN_TRIGGERED_853,EMERGENCY_RETURN_TRIGGERED,uav1,sink_gateway,-1,,,0,0,0,0,1.77177e+09
ugv_role_priority,uav1_EMERGENCY_RETURN_TRIGGERED_1819,EMERGENCY_RETURN_TRIGGERED,uav1,sink_gateway,-1,,,0,0,0,0,1.77178e+09
ugv_role_priority,uav3_EMERGENCY_RETURN_TRIGGERED_2306,EMERGENCY_RETURN_TRIGGERED,uav3,sink_gateway,-1,,,0,0,0,0,1.77178e+09
ugv_role_priority,uav1_EMERGENCY_RETURN_TRIGGERED_2743,EMERGENCY_RETURN_TRIGGERED,uav1,sink_gateway,-1,,,0,0,0,0,1.77178e+09
ugv_role_priority,uav1_EMERGENCY_RETURN_TRIGGERED_835,EMERGENCY_RETURN_TRIGGERED,uav1,sink_gateway,-1,,,0,0,0,0,1.77177e+09
ugv_role_priority,uav1_EMERGENCY_RETURN_TRIGGERED_934,EMERGENCY_RETURN_TRIGGERED,uav1,sink_gateway,-1,,,0,0,0,0,1.77177e+09
ugv_role_priority,uav3_EMERGENCY_RETURN_TRIGGERED_2279,EMERGENCY_RETURN_TRIGGERED,uav3,sink_gateway,-1,,,0,0,0,0,1.77178e+09
ugv_role_priority,uav1_EMERGENCY_RETURN_TRIGGERED_922,EMERGENCY_RETURN_TRIGGERED,uav1,sink_gateway,-1,,,0,0,0,0,1.77177e+09
ugv_role_priority,uav1_EMERGENCY_RETURN_TRIGGERED_832,EMERGENCY_RETURN_TRIGGERED,uav1,sink_gateway,-1,,,0,0,0,0,1.77177e+09
ugv_role_priority,ch1_EMERGENCY_RETURN_TRIGGERED_2058,EMERGENCY_RETURN_TRIGGERED,ch1,sink_gateway,-1,,,0,0,0,0,1.77178e+09
ugv_role_priority,uav1_EMERGENCY_RETURN_TRIGGERED_818,EMERGENCY_RETURN_TRIGGERED,uav1,sink_gateway,-1,,,0,0,0,0,1.77177e+09
ugv_role_priority,ch1_RESPAWN_COMPLETED_549,RESPAWN_COMPLETED,ch1,sink_gateway,-1,ch1,,0,0,0,0,1.77177e+09
ugv_role_priority,ch1_EMERGENCY_RETURN_TRIGGERED_443,EMERGENCY_RETURN_TRIGGERED,ch1,sink_gateway,-1,,,0,0,0,0,1.77177e+09
ugv_role_priority,ch1_EMERGENCY_RETURN_TRIGGERED_545,EMERGENCY_RETURN_TRIGGERED,ch1,sink_gateway,-1,,,0,0,0,0,1.77177e+09
ugv_role_priority,ch1_EMERGENCY_RETURN_TRIGGERED_526,EMERGENCY_RETURN_TRIGGERED,ch1,sink_gateway,-1,,,0,0,0,0,1.77177e+09
ugv_role_priority,uav2_EMERGENCY_RETURN_TRIGGERED_2067,EMERGENCY_RETURN_TRIGGERED,uav2,sink_gateway,-1,,,0,0,0,0,1.77178e+09
ugv_role_priority,uav1_EMERGENCY_RETURN_TRIGGERED_1396,EMERGENCY_RETURN_TRIGGERED,uav1,sink_gateway,-1,,,0,0,0,0,1.77177e+09
ugv_role_priority,ch1_EMERGENCY_RETURN_TRIGGERED_516,EMERGENCY_RETURN_TRIGGERED,ch1,sink_gateway,-1,,,0,0,0,0,1.77177e+09
ugv_role_priority,uav3_EMERGENCY_RETURN_TRIGGERED_2222,EMERGENCY_RETURN_TRIGGERED,uav3,sink_gateway,-1,,,0,0,0,0,1.77178e+09
ugv_role_priority,uav1_EMERGENCY_RETURN_TRIGGERED_877,EMERGENCY_RETURN_TRIGGERED,uav1,sink_gateway,-1,,,0,0,0,0,1.77177e+09
ugv_role_priority,uav1_EMERGENCY_RETURN_TRIGGERED_388,EMERGENCY_RETURN_TRIGGERED,uav1,sink_gateway,-1,,,0,0,0,0,1.77177e+09
ugv_role_priority,uav2_EMERGENCY_RETURN_TRIGGERED_2058,EMERGENCY_RETURN_TRIGGERED,uav2,sink_gateway,-1,,,0,0,0,0,1.77178e+09
ugv_role_priority,uav1_EMERGENCY_RETURN_TRIGGERED_382,EMERGENCY_RETURN_TRIGGERED,uav1,sink_gateway,-1,,,0,0,0,0,1.77177e+09
ugv_role_priority,uav1_EMERGENCY_RETURN_TRIGGERED_2661,EMERGENCY_RETURN_TRIGGERED,uav1,sink_gateway,-1,,,0,0,0,0,1.77178e+09
ugv_role_priority,uav1_EMERGENCY_RETURN_TRIGGERED_841,EMERGENCY_RETURN_TRIGGERED,uav1,sink_gateway,-1,,,0,0,0,0,1.77177e+09
ugv_role_priority,uav1_EMERGENCY_RETURN_TRIGGERED_910,EMERGENCY_RETURN_TRIGGERED,uav1,sink_gateway,-1,,,0,0,0,0,1.77177e+09
ugv_role_priority,uav1_EMERGENCY_RETURN_TRIGGERED_361,EMERGENCY_RETURN_TRIGGERED,uav1,sink_gateway,-1,,,0,0,0,0,1.77177e+09
ugv_role_priority,ch1_EMERGENCY_RETURN_TRIGGERED_2006,EMERGENCY_RETURN_TRIGGERED,ch1,sink_gateway,-1,,,0,0,0,0,1.77178e+09
ugv_role_priority,uav1_EMERGENCY_RETURN_TRIGGERED_1792,EMERGENCY_RETURN_TRIGGERED,uav1,sink_gateway,-1,,,0,0,0,0,1.77178e+09
ugv_role_priority,uav1_EMERGENCY_RETURN_TRIGGERED_448,EMERGENCY_RETURN_TRIGGERED,uav1,sink_gateway,-1,,,0,0,0,0,1.77177e+09
ugv_role_priority,uav1_EMERGENCY_RETURN_TRIGGERED_1816,EMERGENCY_RETURN_TRIGGERED,uav1,sink_gateway,-1,,,0,0,0,0,1.77178e+09
ugv_role_priority,uav1_EMERGENCY_RETURN_TRIGGERED_439,EMERGENCY_RETURN_TRIGGERED,uav1,sink_gateway,-1,,,0,0,0,0,1.77177e+09
ugv_role_priority,ch0_EMERGENCY_RETURN_TRIGGERED_2487,EMERGENCY_RETURN_TRIGGERED,ch0,sink_gateway,-1,,,0,0,0,0,1.77178e+09
ugv_role_priority,uav3_EMERGENCY_RETURN_TRIGGERED_1831,EMERGENCY_RETURN_TRIGGERED,uav3,sink_gateway,-1,,,0,0,0,0,1.77178e+09
ugv_role_priority,ch1_EMERGENCY_RETURN_TRIGGERED_1081,EMERGENCY_RETURN_TRIGGERED,ch1,sink_gateway,-1,,,0,0,0,0,1.77177e+09
ugv_role_priority,ch1_EMERGENCY_RETURN_TRIGGERED_998,EMERGENCY_RETURN_TRIGGERED,ch1,sink_gateway,-1,,,0,0,0,0,1.77177e+09
ugv_role_priority,uav1_EMERGENCY_RETURN_TRIGGERED_2234,EMERGENCY_RETURN_TRIGGERED,uav1,sink_gateway,-1,,,0,0,0,0,1.77178e+09
ugv_role_priority,uav1_EMERGENCY_RETURN_TRIGGERED_1336,EMERGENCY_RETURN_TRIGGERED,uav1,sink_gateway,-1,,,0,0,0,0,1.77177e+09
ugv_role_priority,ch1_EMERGENCY_RETURN_TRIGGERED_529,EMERGENCY_RETURN_TRIGGERED,ch1,sink_gateway,-1,,,0,0,0,0,1.77177e+09
ugv_role_priority,uav1_EMERGENCY_RETURN_TRIGGERED_430,EMERGENCY_RETURN_TRIGGERED,uav1,sink_gateway,-1,,,0,0,0,0,1.77177e+09
ugv_role_priority,uav2_EMERGENCY_RETURN_TRIGGERED_2618,EMERGENCY_RETURN_TRIGGERED,uav2,sink_gateway,-1,,,0,0,0,0,1.77178e+09
ugv_role_priority,uav1_EMERGENCY_RETURN_TRIGGERED_445,EMERGENCY_RETURN_TRIGGERED,uav1,sink_gateway,-1,,,0,0,0,0,1.77177e+09
ugv_role_priority,uav2_EMERGENCY_RETURN_TRIGGERED_2663,EMERGENCY_RETURN_TRIGGERED,uav2,sink_gateway,-1,,,0,0,0,0,1.77178e+09
ugv_role_priority,ch1_EMERGENCY_RETURN_TRIGGERED_2042,EMERGENCY_RETURN_TRIGGERED,ch1,sink_gateway,-1,,,0,0,0,0,1.77178e+09
ugv_role_priority,uav1_EMERGENCY_RETURN_TRIGGERED_376,EMERGENCY_RETURN_TRIGGERED,uav1,sink_gateway,-1,,,0,0,0,0,1.77177e+09
ugv_role_priority,ch1_EMERGENCY_RETURN_TRIGGERED_2032,EMERGENCY_RETURN_TRIGGERED,ch1,sink_gateway,-1,,,0,0,0,0,1.77178e+09
ugv_role_priority,ch1_EMERGENCY_RETURN_TRIGGERED_472,EMERGENCY_RETURN_TRIGGERED,ch1,sink_gateway,-1,,,0,0,0,0,1.77177e+09
ugv_role_priority,uav3_EMERGENCY_RETURN_TRIGGERED_2297,EMERGENCY_RETURN_TRIGGERED,uav3,sink_gateway,-1,,,0,0,0,0,1.77178e+09
ugv_role_priority,uav1_EMERGENCY_RETURN_TRIGGERED_1783,EMERGENCY_RETURN_TRIGGERED,uav1,sink_gateway,-1,,,0,0,0,0,1.77178e+09
ugv_role_priority,uav3_EMERGENCY_RETURN_TRIGGERED_2273,EMERGENCY_RETURN_TRIGGERED,uav3,sink_gateway,-1,,,0,0,0,0,1.77178e+09
ugv_role_priority,uav1_EMERGENCY_RETURN_TRIGGERED_397,EMERGENCY_RETURN_TRIGGERED,uav1,sink_gateway,-1,,,0,0,0,0,1.77177e+09
ugv_role_priority,uav1_EMERGENCY_RETURN_TRIGGERED_1852,EMERGENCY_RETURN_TRIGGERED,uav1,sink_gateway,-1,,,0,0,0,0,1.77178e+09
ugv_role_priority,uav1_EMERGENCY_RETURN_TRIGGERED_1837,EMERGENCY_RETURN_TRIGGERED,uav1,sink_gateway,-1,,,0,0,0,0,1.77178e+09
ugv_role_priority,uav3_EMERGENCY_RETURN_TRIGGERED_2315,EMERGENCY_RETURN_TRIGGERED,uav3,sink_gateway,-1,,,0,0,0,0,1.77178e+09
ugv_role_priority,uav2_EMERGENCY_RETURN_TRIGGERED_2570,EMERGENCY_RETURN_TRIGGERED,uav2,sink_gateway,-1,,,0,0,0,0,1.77178e+09
ugv_role_priority,ch1_EMERGENCY_RETURN_TRIGGERED_478,EMERGENCY_RETURN_TRIGGERED,ch1,sink_gateway,-1,,,0,0,0,0,1.77177e+09
ugv_role_priority,ch1_EMERGENCY_RETURN_TRIGGERED_1523,EMERGENCY_RETURN_TRIGGERED,ch1,sink_gateway,-1,,,0,0,0,0,1.77178e+09
ugv_role_priority,uav1_EMERGENCY_RETURN_TRIGGERED_412,EMERGENCY_RETURN_TRIGGERED,uav1,sink_gateway,-1,,,0,0,0,0,1.77177e+09
ugv_role_priority,uav1_EMERGENCY_RETURN_TRIGGERED_1384,EMERGENCY_RETURN_TRIGGERED,uav1,sink_gateway,-1,,,0,0,0,0,1.77177e+09
ugv_role_priority,uav1_EMERGENCY_RETURN_TRIGGERED_1846,EMERGENCY_RETURN_TRIGGERED,uav1,sink_gateway,-1,,,0,0,0,0,1.77178e+09
ugv_role_priority,ch1_EMERGENCY_RETURN_TRIGGERED_481,EMERGENCY_RETURN_TRIGGERED,ch1,sink_gateway,-1,,,0,0,0,0,1.77177e+09
ugv_role_priority,uav2_EMERGENCY_RETURN_TRIGGERED_2088,EMERGENCY_RETURN_TRIGGERED,uav2,sink_gateway,-1,,,0,0,0,0,1.77178e+09
ugv_role_priority,ch1_EMERGENCY_RETURN_TRIGGERED_431,EMERGENCY_RETURN_TRIGGERED,ch1,sink_gateway,-1,,,0,0,0,0,1.77177e+09
ugv_role_priority,uav1_EMERGENCY_RETURN_TRIGGERED_373,EMERGENCY_RETURN_TRIGGERED,uav1,sink_gateway,-1,,,0,0,0,0,1.77177e+09
ugv_role_priority,uav1_EMERGENCY_RETURN_TRIGGERED_424,EMERGENCY_RETURN_TRIGGERED,uav1,sink_gateway,-1,,,0,0,0,0,1.77177e+09
ugv_role_priority,uav1_EMERGENCY_RETURN_TRIGGERED_901,EMERGENCY_RETURN_TRIGGERED,uav1,sink_gateway,-1,,,0,0,0,0,1.77177e+09
ugv_role_priority,uav1_EMERGENCY_RETURN_TRIGGERED_883,EMERGENCY_RETURN_TRIGGERED,uav1,sink_gateway,-1,,,0,0,0,0,1.77177e+09
ugv_role_priority,ch1_EMERGENCY_RETURN_TRIGGERED_500,EMERGENCY_RETURN_TRIGGERED,ch1,sink_gateway,-1,,,0,0,0,0,1.77177e+09
ugv_role_priority,uav2_EMERGENCY_RETURN_TRIGGERED_2564,EMERGENCY_RETURN_TRIGGERED,uav2,sink_gateway,-1,,,0,0,0,0,1.77178e+09
ugv_role_priority,uav1_EMERGENCY_RETURN_TRIGGERED_1798,EMERGENCY_RETURN_TRIGGERED,uav1,sink_gateway,-1,,,0,0,0,0,1.77178e+09
ugv_role_priority,uav1_EMERGENCY_RETURN_TRIGGERED_415,EMERGENCY_RETURN_TRIGGERED,uav1,sink_gateway,-1,,,0,0,0,0,1.77177e+09
ugv_role_priority,uav2_EMERGENCY_RETURN_TRIGGERED_2612,EMERGENCY_RETURN_TRIGGERED,uav2,sink_gateway,-1,,,0,0,0,0,1.77178e+09
ugv_role_priority,uav1_EMERGENCY_RETURN_TRIGGERED_2279,EMERGENCY_RETURN_TRIGGERED,uav1,sink_gateway,-1,,,0,0,0,0,1.77178e+09
ugv_role_priority,uav1_EMERGENCY_RETURN_TRIGGERED_406,EMERGENCY_RETURN_TRIGGERED,uav1,sink_gateway,-1,,,0,0,0,0,1.77177e+09
ugv_role_priority,ch1_EMERGENCY_RETURN_TRIGGERED_1017,EMERGENCY_RETURN_TRIGGERED,ch1,sink_gateway,-1,,,0,0,0,0,1.77177e+09
ugv_role_priority,uav1_EMERGENCY_RETURN_TRIGGERED_943,EMERGENCY_RETURN_TRIGGERED,uav1,sink_gateway,-1,,,0,0,0,0,1.77177e+09
ugv_role_priority,uav1_EMERGENCY_RETURN_TRIGGERED_436,EMERGENCY_RETURN_TRIGGERED,uav1,sink_gateway,-1,,,0,0,0,0,1.77177e+09
ugv_role_priority,uav1_EMERGENCY_RETURN_TRIGGERED_838,EMERGENCY_RETURN_TRIGGERED,uav1,sink_gateway,-1,,,0,0,0,0,1.77177e+09
ugv_role_priority,uav1_EMERGENCY_RETURN_TRIGGERED_427,EMERGENCY_RETURN_TRIGGERED,uav1,sink_gateway,-1,,,0,0,0,0,1.77177e+09
ugv_role_priority,uav1_EMERGENCY_RETURN_TRIGGERED_344,EMERGENCY_RETURN_TRIGGERED,uav1,sink_gateway,-1,,,0,0,0,0,1.77177e+09
ugv_role_priority,uav2_EMERGENCY_RETURN_TRIGGERED_1991,EMERGENCY_RETURN_TRIGGERED,uav2,sink_gateway,-1,,,0,0,0,0,1.77178e+09
ugv_role_priority,ch1_EMERGENCY_RETURN_TRIGGERED_456,EMERGENCY_RETURN_TRIGGERED,ch1,sink_gateway,-1,,,0,0,0,0,1.77177e+09
ugv_role_priority,ch1_EMERGENCY_RETURN_TRIGGERED_1503,EMERGENCY_RETURN_TRIGGERED,ch1,sink_gateway,-1,,,0,0,0,0,1.77178e+09
ugv_role_priority,ch0_EMERGENCY_RETURN_TRIGGERED_2427,EMERGENCY_RETURN_TRIGGERED,ch0,sink_gateway,-1,,,0,0,0,0,1.77178e+09
ugv_role_priority,uav1_EMERGENCY_RETURN_TRIGGERED_1411,EMERGENCY_RETURN_TRIGGERED,uav1,sink_gateway,-1,,,0,0,0,0,1.77177e+09
ugv_role_priority,uav1_EMERGENCY_RETURN_TRIGGERED_856,EMERGENCY_RETURN_TRIGGERED,uav1,sink_gateway,-1,,,0,0,0,0,1.77177e+09
ugv_role_priority,uav1_EMERGENCY_RETURN_TRIGGERED_1375,EMERGENCY_RETURN_TRIGGERED,uav1,sink_gateway,-1,,,0,0,0,0,1.77177e+09
ugv_role_priority,uav1_EMERGENCY_RETURN_TRIGGERED_463,EMERGENCY_RETURN_TRIGGERED,uav1,sink_gateway,-1,,,0,0,0,0,1.77177e+09
ugv_role_priority,uav1_EMERGENCY_RETURN_TRIGGERED_916,EMERGENCY_RETURN_TRIGGERED,uav1,sink_gateway,-1,,,0,0,0,0,1.77177e+09
ugv_role_priority,uav1_EMERGENCY_RETURN_TRIGGERED_358,EMERGENCY_RETURN_TRIGGERED,uav1,sink_gateway,-1,,,0,0,0,0,1.77177e+09
ugv_role_priority,uav2_EMERGENCY_RETURN_TRIGGERED_2579,EMERGENCY_RETURN_TRIGGERED,uav2,sink_gateway,-1,,,0,0,0,0,1.77178e+09
ugv_role_priority,ch1_EMERGENCY_RETURN_TRIGGERED_2022,EMERGENCY_RETURN_TRIGGERED,ch1,sink_gateway,-1,,,0,0,0,0,1.77178e+09
ugv_role_priority,uav1_EMERGENCY_RETURN_TRIGGERED_421,EMERGENCY_RETURN_TRIGGERED,uav1,sink_gateway,-1,,,0,0,0,0,1.77177e+09
ugv_role_priority,uav1_EMERGENCY_RETURN_TRIGGERED_1828,EMERGENCY_RETURN_TRIGGERED,uav1,sink_gateway,-1,,,0,0,0,0,1.77178e+09
ugv_role_priority,ch0_EMERGENCY_RETURN_TRIGGERED_2414,EMERGENCY_RETURN_TRIGGERED,ch0,sink_gateway,-1,,,0,0,0,0,1.77178e+09
ugv_role_priority,uav1_EMERGENCY_RETURN_TRIGGERED_946,EMERGENCY_RETURN_TRIGGERED,uav1,sink_gateway,-1,,,0,0,0,0,1.77177e+09
ugv_role_priority,ch1_EMERGENCY_RETURN_TRIGGERED_510,EMERGENCY_RETURN_TRIGGERED,ch1,sink_gateway,-1,,,0,0,0,0,1.77177e+09
ugv_role_priority,ch1_EMERGENCY_RETURN_TRIGGERED_1516,EMERGENCY_RETURN_TRIGGERED,ch1,sink_gateway,-1,,,0,0,0,0,1.77178e+09
ugv_role_priority,uav1_EMERGENCY_RETURN_TRIGGERED_367,EMERGENCY_RETURN_TRIGGERED,uav1,sink_gateway,-1,,,0,0,0,0,1.77177e+09
ugv_role_priority,uav1_EMERGENCY_RETURN_TRIGGERED_2758,EMERGENCY_RETURN_TRIGGERED,uav1,sink_gateway,-1,,,0,0,0,0,1.77178e+09
ugv_role_priority,uav1_EMERGENCY_RETURN_TRIGGERED_850,EMERGENCY_RETURN_TRIGGERED,uav1,sink_gateway,-1,,,0,0,0,0,1.77177e+09
ugv_role_priority,ch1_EMERGENCY_RETURN_TRIGGERED_1494,EMERGENCY_RETURN_TRIGGERED,ch1,sink_gateway,-1,,,0,0,0,0,1.77178e+09
ugv_role_priority,ch1_EMERGENCY_RETURN_TRIGGERED_523,EMERGENCY_RETURN_TRIGGERED,ch1,sink_gateway,-1,,,0,0,0,0,1.77177e+09
ugv_role_priority,uav1_EMERGENCY_RETURN_TRIGGERED_469,EMERGENCY_RETURN_TRIGGERED,uav1,sink_gateway,-1,,,0,0,0,0,1.77177e+09
ugv_role_priority,uav1_EMERGENCY_RETURN_TRIGGERED_394,EMERGENCY_RETURN_TRIGGERED,uav1,sink_gateway,-1,,,0,0,0,0,1.77177e+09
ugv_role_priority,ch1_EMERGENCY_RETURN_TRIGGERED_1548,EMERGENCY_RETURN_TRIGGERED,ch1,sink_gateway,-1,,,0,0,0,0,1.77178e+09
ugv_role_priority,ch1_EMERGENCY_RETURN_TRIGGERED_991,EMERGENCY_RETURN_TRIGGERED,ch1,sink_gateway,-1,,,0,0,0,0,1.77177e+09
ugv_role_priority,uav2_EMERGENCY_RETURN_TRIGGERED_2097,EMERGENCY_RETURN_TRIGGERED,uav2,sink_gateway,-1,,,0,0,0,0,1.77178e+09
ugv_role_priority,ch1_EMERGENCY_RETURN_TRIGGERED_1491,EMERGENCY_RETURN_TRIGGERED,ch1,sink_gateway,-1,,,0,0,0,0,1.77178e+09
ugv_role_priority,uav1_EMERGENCY_RETURN_TRIGGERED_1813,EMERGENCY_RETURN_TRIGGERED,uav1,sink_gateway,-1,,,0,0,0,0,1.77178e+09
ugv_role_priority,ch0_EMERGENCY_RETURN_TRIGGERED_2457,EMERGENCY_RETURN_TRIGGERED,ch0,sink_gateway,-1,,,0,0,0,0,1.77178e+09
ugv_role_priority,ch1_EMERGENCY_RETURN_TRIGGERED_494,EMERGENCY_RETURN_TRIGGERED,ch1,sink_gateway,-1,,,0,0,0,0,1.77177e+09
ugv_role_priority,uav3_EMERGENCY_RETURN_TRIGGERED_2321,EMERGENCY_RETURN_TRIGGERED,uav3,sink_gateway,-1,,,0,0,0,0,1.77178e+09
ugv_role_priority,uav1_EMERGENCY_RETURN_TRIGGERED_1789,EMERGENCY_RETURN_TRIGGERED,uav1,sink_gateway,-1,,,0,0,0,0,1.77178e+09
ugv_role_priority,uav1_EMERGENCY_RETURN_TRIGGERED_364,EMERGENCY_RETURN_TRIGGERED,uav1,sink_gateway,-1,,,0,0,0,0,1.77177e+09
ugv_role_priority,ch0_EMERGENCY_RETURN_TRIGGERED_2514,EMERGENCY_RETURN_TRIGGERED,ch0,sink_gateway,-1,,,0,0,0,0,1.77178e+09
ugv_role_priority,uav1_EMERGENCY_RETURN_TRIGGERED_844,EMERGENCY_RETURN_TRIGGERED,uav1,sink_gateway,-1,,,0,0,0,0,1.77177e+09
ugv_role_priority,uav1_EMERGENCY_RETURN_TRIGGERED_385,EMERGENCY_RETURN_TRIGGERED,uav1,sink_gateway,-1,,,0,0,0,0,1.77177e+09
ugv_role_priority,uav1_EMERGENCY_RETURN_TRIGGERED_1760,EMERGENCY_RETURN_TRIGGERED,uav1,sink_gateway,-1,,,0,0,0,0,1.77178e+09
ugv_role_priority,uav2_EMERGENCY_RETURN_TRIGGERED_2117,EMERGENCY_RETURN_TRIGGERED,uav2,sink_gateway,-1,,,0,0,0,0,1.77178e+09
ugv_role_priority,ch1_EMERGENCY_RETURN_TRIGGERED_440,EMERGENCY_RETURN_TRIGGERED,ch1,sink_gateway,-1,,,0,0,0,0,1.77177e+09
ugv_role_priority,ch1_EMERGENCY_RETURN_TRIGGERED_1997,EMERGENCY_RETURN_TRIGGERED,ch1,sink_gateway,-1,,,0,0,0,0,1.77178e+09
ugv_role_priority,ch1_EMERGENCY_RETURN_TRIGGERED_1984,EMERGENCY_RETURN_TRIGGERED,ch1,sink_gateway,-1,,,0,0,0,0,1.77178e+09
ugv_role_priority,uav1_EMERGENCY_RETURN_TRIGGERED_457,EMERGENCY_RETURN_TRIGGERED,uav1,sink_gateway,-1,,,0,0,0,0,1.77177e+09
ugv_role_priority,uav1_EMERGENCY_RETURN_TRIGGERED_2287,EMERGENCY_RETURN_TRIGGERED,uav1,sink_gateway,-1,,,0,0,0,0,1.77178e+09
ugv_role_priority,uav1_RESPAWN_COMPLETED_479,RESPAWN_COMPLETED,uav1,sink_gateway,-1,uav1,,0,0,0,0,1.77177e+09
ugv_role_priority,uav1_EMERGENCY_RETURN_TRIGGERED_1831,EMERGENCY_RETURN_TRIGGERED,uav1,sink_gateway,-1,,,0,0,0,0,1.77178e+09
ugv_role_priority,uav1_EMERGENCY_RETURN_TRIGGERED_931,EMERGENCY_RETURN_TRIGGERED,uav1,sink_gateway,-1,,,0,0,0,0,1.77177e+09
ugv_role_priority,uav1_EMERGENCY_RETURN_TRIGGERED_955,EMERGENCY_RETURN_TRIGGERED,uav1,sink_gateway,-1,,,0,0,0,0,1.77177e+09
ugv_role_priority,ch1_EMERGENCY_RETURN_TRIGGERED_504,EMERGENCY_RETURN_TRIGGERED,ch1,sink_gateway,-1,,,0,0,0,0,1.77177e+09
ugv_role_priority,ch1_EMERGENCY_RETURN_TRIGGERED_465,EMERGENCY_RETURN_TRIGGERED,ch1,sink_gateway,-1,,,0,0,0,0,1.77177e+09
ugv_role_priority,ch1_EMERGENCY_RETURN_TRIGGERED_462,EMERGENCY_RETURN_TRIGGERED,ch1,sink_gateway,-1,,,0,0,0,0,1.77177e+09
ugv_role_priority,ch1_EMERGENCY_RETURN_TRIGGERED_1558,EMERGENCY_RETURN_TRIGGERED,ch1,sink_gateway,-1,,,0,0,0,0,1.77178e+09
ugv_role_priority,uav3_EMERGENCY_RETURN_TRIGGERED_2234,EMERGENCY_RETURN_TRIGGERED,uav3,sink_gateway,-1,,,0,0,0,0,1.77178e+09
ugv_role_priority,uav1_EMERGENCY_RETURN_TRIGGERED_460,EMERGENCY_RETURN_TRIGGERED,uav1,sink_gateway,-1,,,0,0,0,0,1.77177e+09
ugv_role_priority,ch1_EMERGENCY_RETURN_TRIGGERED_446,EMERGENCY_RETURN_TRIGGERED,ch1,sink_gateway,-1,,,0,0,0,0,1.77177e+09
ugv_role_priority,uav2_EMERGENCY_RETURN_TRIGGERED_2093,EMERGENCY_RETURN_TRIGGERED,uav2,sink_gateway,-1,,,0,0,0,0,1.77178e+09
ugv_role_priority,uav1_EMERGENCY_RETURN_TRIGGERED_874,EMERGENCY_RETURN_TRIGGERED,uav1,sink_gateway,-1,,,0,0,0,0,1.77177e+09
ugv_role_priority,uav1_EMERGENCY_RETURN_TRIGGERED_1777,EMERGENCY_RETURN_TRIGGERED,uav1,sink_gateway,-1,,,0,0,0,0,1.77178e+09
ugv_role_priority,ch1_EMERGENCY_RETURN_TRIGGERED_459,EMERGENCY_RETURN_TRIGGERED,ch1,sink_gateway,-1,,,0,0,0,0,1.77177e+09
ugv_role_priority,uav1_EMERGENCY_RETURN_TRIGGERED_1317,EMERGENCY_RETURN_TRIGGERED,uav1,sink_gateway,-1,,,0,0,0,0,1.77177e+09
ugv_role_priority,ch1_EMERGENCY_RETURN_TRIGGERED_468,EMERGENCY_RETURN_TRIGGERED,ch1,sink_gateway,-1,,,0,0,0,0,1.77177e+09
ugv_role_priority,uav3_EMERGENCY_RETURN_TRIGGERED_2258,EMERGENCY_RETURN_TRIGGERED,uav3,sink_gateway,-1,,,0,0,0,0,1.77178e+09
ugv_role_priority,uav1_EMERGENCY_RETURN_TRIGGERED_1308,EMERGENCY_RETURN_TRIGGERED,uav1,sink_gateway,-1,,,0,0,0,0,1.77177e+09
ugv_role_priority,uav1_EMERGENCY_RETURN_TRIGGERED_2220,EMERGENCY_RETURN_TRIGGERED,uav1,sink_gateway,-1,,,0,0,0,0,1.77178e+09
ugv_role_priority,ch1_EMERGENCY_RETURN_TRIGGERED_475,EMERGENCY_RETURN_TRIGGERED,ch1,sink_gateway,-1,,,0,0,0,0,1.77177e+09
ugv_role_priority,ch1_EMERGENCY_RETURN_TRIGGERED_449,EMERGENCY_RETURN_TRIGGERED,ch1,sink_gateway,-1,,,0,0,0,0,1.77177e+09
ugv_role_priority,uav1_EMERGENCY_RETURN_TRIGGERED_475,EMERGENCY_RETURN_TRIGGERED,uav1,sink_gateway,-1,,,0,0,0,0,1.77177e+09
ugv_role_priority,ch1_EMERGENCY_RETURN_TRIGGERED_1555,EMERGENCY_RETURN_TRIGGERED,ch1,sink_gateway,-1,,,0,0,0,0,1.77178e+09
ugv_role_priority,uav2_EMERGENCY_RETURN_TRIGGERED_2558,EMERGENCY_RETURN_TRIGGERED,uav2,sink_gateway,-1,,,0,0,0,0,1.77178e+09
ugv_role_priority,uav2_EMERGENCY_RETURN_TRIGGERED_2162,EMERGENCY_RETURN_TRIGGERED,uav2,sink_gateway,-1,,,0,0,0,0,1.77178e+09
ugv_role_priority,uav1_EMERGENCY_RETURN_TRIGGERED_871,EMERGENCY_RETURN_TRIGGERED,uav1,sink_gateway,-1,,,0,0,0,0,1.77177e+09
ugv_role_priority,uav1_EMERGENCY_RETURN_TRIGGERED_442,EMERGENCY_RETURN_TRIGGERED,uav1,sink_gateway,-1,,,0,0,0,0,1.77177e+09
ugv_role_priority,uav1_EMERGENCY_RETURN_TRIGGERED_1417,EMERGENCY_RETURN_TRIGGERED,uav1,sink_gateway,-1,,,0,0,0,0,1.77177e+09
ugv_role_priority,ch1_EMERGENCY_RETURN_TRIGGERED_491,EMERGENCY_RETURN_TRIGGERED,ch1,sink_gateway,-1,,,0,0,0,0,1.77177e+09
ugv_role_priority,uav3_EMERGENCY_RETURN_TRIGGERED_2303,EMERGENCY_RETURN_TRIGGERED,uav3,sink_gateway,-1,,,0,0,0,0,1.77178e+09
ugv_role_priority,ch1_EMERGENCY_RETURN_TRIGGERED_488,EMERGENCY_RETURN_TRIGGERED,ch1,sink_gateway,-1,,,0,0,0,0,1.77177e+09
ugv_role_priority,ch1_EMERGENCY_RETURN_TRIGGERED_497,EMERGENCY_RETURN_TRIGGERED,ch1,sink_gateway,-1,,,0,0,0,0,1.77177e+09
ugv_role_priority,uav1_EMERGENCY_RETURN_TRIGGERED_2252,EMERGENCY_RETURN_TRIGGERED,uav1,sink_gateway,-1,,,0,0,0,0,1.77178e+09
ugv_role_priority,uav1_EMERGENCY_RETURN_TRIGGERED_1387,EMERGENCY_RETURN_TRIGGERED,uav1,sink_gateway,-1,,,0,0,0,0,1.77177e+09
ugv_role_priority,ch1_EMERGENCY_RETURN_TRIGGERED_1007,EMERGENCY_RETURN_TRIGGERED,ch1,sink_gateway,-1,,,0,0,0,0,1.77177e+09
ugv_role_priority,ch1_EMERGENCY_RETURN_TRIGGERED_1014,EMERGENCY_RETURN_TRIGGERED,ch1,sink_gateway,-1,,,0,0,0,0,1.77177e+09
ugv_role_priority,uav2_EMERGENCY_RETURN_TRIGGERED_2582,EMERGENCY_RETURN_TRIGGERED,uav2,sink_gateway,-1,,,0,0,0,0,1.77178e+09
ugv_role_priority,uav1_EMERGENCY_RETURN_TRIGGERED_2264,EMERGENCY_RETURN_TRIGGERED,uav1,sink_gateway,-1,,,0,0,0,0,1.77178e+09
ugv_role_priority,uav1_EMERGENCY_RETURN_TRIGGERED_1861,EMERGENCY_RETURN_TRIGGERED,uav1,sink_gateway,-1,,,0,0,0,0,1.77178e+09
ugv_role_priority,ch1_EMERGENCY_RETURN_TRIGGERED_2048,EMERGENCY_RETURN_TRIGGERED,ch1,sink_gateway,-1,,,0,0,0,0,1.77178e+09
ugv_role_priority,ch1_EMERGENCY_RETURN_TRIGGERED_1023,EMERGENCY_RETURN_TRIGGERED,ch1,sink_gateway,-1,,,0,0,0,0,1.77177e+09
ugv_role_priority,uav2_EMERGENCY_RETURN_TRIGGERED_2555,EMERGENCY_RETURN_TRIGGERED,uav2,sink_gateway,-1,,,0,0,0,0,1.77178e+09
ugv_role_priority,ch1_EMERGENCY_RETURN_TRIGGERED_1071,EMERGENCY_RETURN_TRIGGERED,ch1,sink_gateway,-1,,,0,0,0,0,1.77177e+09
ugv_role_priority,uav1_EMERGENCY_RETURN_TRIGGERED_1390,EMERGENCY_RETURN_TRIGGERED,uav1,sink_gateway,-1,,,0,0,0,0,1.77177e+09
ugv_role_priority,uav2_EMERGENCY_RETURN_TRIGGERED_2585,EMERGENCY_RETURN_TRIGGERED,uav2,sink_gateway,-1,,,0,0,0,0,1.77178e+09
ugv_role_priority,ch1_EMERGENCY_RETURN_TRIGGERED_1026,EMERGENCY_RETURN_TRIGGERED,ch1,sink_gateway,-1,,,0,0,0,0,1.77177e+09
ugv_role_priority,ch1_EMERGENCY_RETURN_TRIGGERED_1030,EMERGENCY_RETURN_TRIGGERED,ch1,sink_gateway,-1,,,0,0,0,0,1.77177e+09
ugv_role_priority,uav2_EMERGENCY_RETURN_TRIGGERED_2139,EMERGENCY_RETURN_TRIGGERED,uav2,sink_gateway,-1,,,0,0,0,0,1.77178e+09
ugv_role_priority,uav1_EMERGENCY_RETURN_TRIGGERED_2270,EMERGENCY_RETURN_TRIGGERED,uav1,sink_gateway,-1,,,0,0,0,0,1.77178e+09
ugv_role_priority,ch1_EMERGENCY_RETURN_TRIGGERED_1036,EMERGENCY_RETURN_TRIGGERED,ch1,sink_gateway,-1,,,0,0,0,0,1.77177e+09
ugv_role_priority,ch1_EMERGENCY_RETURN_TRIGGERED_1039,EMERGENCY_RETURN_TRIGGERED,ch1,sink_gateway,-1,,,0,0,0,0,1.77177e+09
ugv_role_priority,ch1_EMERGENCY_RETURN_TRIGGERED_542,EMERGENCY_RETURN_TRIGGERED,ch1,sink_gateway,-1,,,0,0,0,0,1.77177e+09
ugv_role_priority,ch1_EMERGENCY_RETURN_TRIGGERED_1042,EMERGENCY_RETURN_TRIGGERED,ch1,sink_gateway,-1,,,0,0,0,0,1.77177e+09
ugv_role_priority,uav1_EMERGENCY_RETURN_TRIGGERED_898,EMERGENCY_RETURN_TRIGGERED,uav1,sink_gateway,-1,,,0,0,0,0,1.77177e+09
ugv_role_priority,ch1_EMERGENCY_RETURN_TRIGGERED_1542,EMERGENCY_RETURN_TRIGGERED,ch1,sink_gateway,-1,,,0,0,0,0,1.77178e+09
ugv_role_priority,ch1_EMERGENCY_RETURN_TRIGGERED_539,EMERGENCY_RETURN_TRIGGERED,ch1,sink_gateway,-1,,,0,0,0,0,1.77177e+09
ugv_role_priority,ch1_EMERGENCY_RETURN_TRIGGERED_1049,EMERGENCY_RETURN_TRIGGERED,ch1,sink_gateway,-1,,,0,0,0,0,1.77177e+09
ugv_role_priority,ch1_EMERGENCY_RETURN_TRIGGERED_1055,EMERGENCY_RETURN_TRIGGERED,ch1,sink_gateway,-1,,,0,0,0,0,1.77177e+09
ugv_role_priority,ch1_EMERGENCY_RETURN_TRIGGERED_1058,EMERGENCY_RETURN_TRIGGERED,ch1,sink_gateway,-1,,,0,0,0,0,1.77177e+09
ugv_role_priority,uav1_EMERGENCY_RETURN_TRIGGERED_1369,EMERGENCY_RETURN_TRIGGERED,uav1,sink_gateway,-1,,,0,0,0,0,1.77177e+09
ugv_role_priority,uav2_EMERGENCY_RETURN_TRIGGERED_2561,EMERGENCY_RETURN_TRIGGERED,uav2,sink_gateway,-1,,,0,0,0,0,1.77178e+09
ugv_role_priority,uav3_EMERGENCY_RETURN_TRIGGERED_2294,EMERGENCY_RETURN_TRIGGERED,uav3,sink_gateway,-1,,,0,0,0,0,1.77178e+09
ugv_role_priority,uav1_EMERGENCY_RETURN_TRIGGERED_2693,EMERGENCY_RETURN_TRIGGERED,uav1,sink_gateway,-1,,,0,0,0,0,1.77178e+09
ugv_role_priority,ch1_EMERGENCY_RETURN_TRIGGERED_1065,EMERGENCY_RETURN_TRIGGERED,ch1,sink_gateway,-1,,,0,0,0,0,1.77177e+09
ugv_role_priority,ch1_EMERGENCY_RETURN_TRIGGERED_1068,EMERGENCY_RETURN_TRIGGERED,ch1,sink_gateway,-1,,,0,0,0,0,1.77177e+09
ugv_role_priority,uav1_EMERGENCY_RETURN_TRIGGERED_2255,EMERGENCY_RETURN_TRIGGERED,uav1,sink_gateway,-1,,,0,0,0,0,1.77178e+09
ugv_role_priority,ch1_EMERGENCY_RETURN_TRIGGERED_1074,EMERGENCY_RETURN_TRIGGERED,ch1,sink_gateway,-1,,,0,0,0,0,1.77177e+09
ugv_role_priority,ch1_RESPAWN_COMPLETED_1085,RESPAWN_COMPLETED,ch1,sink_gateway,-1,ch1,,0,0,0,0,1.77177e+09
ugv_role_priority,uav1_EMERGENCY_RETURN_TRIGGERED_1354,EMERGENCY_RETURN_TRIGGERED,uav1,sink_gateway,-1,,,0,0,0,0,1.77177e+09
ugv_role_priority,uav1_EMERGENCY_RETURN_TRIGGERED_1290,EMERGENCY_RETURN_TRIGGERED,uav1,sink_gateway,-1,,,0,0,0,0,1.77177e+09
ugv_role_priority,uav1_EMERGENCY_RETURN_TRIGGERED_1302,EMERGENCY_RETURN_TRIGGERED,uav1,sink_gateway,-1,,,0,0,0,0,1.77177e+09
ugv_role_priority,uav2_EMERGENCY_RETURN_TRIGGERED_2666,EMERGENCY_RETURN_TRIGGERED,uav2,sink_gateway,-1,,,0,0,0,0,1.77178e+09
ugv_role_priority,uav1_EMERGENCY_RETURN_TRIGGERED_889,EMERGENCY_RETURN_TRIGGERED,uav1,sink_gateway,-1,,,0,0,0,0,1.77177e+09
ugv_role_priority,uav1_EMERGENCY_RETURN_TRIGGERED_1311,EMERGENCY_RETURN_TRIGGERED,uav1,sink_gateway,-1,,,0,0,0,0,1.77177e+09
ugv_role_priority,uav3_EMERGENCY_RETURN_TRIGGERED_1858,EMERGENCY_RETURN_TRIGGERED,uav3,sink_gateway,-1,,,0,0,0,0,1.77178e+09
ugv_role_priority,uav1_EMERGENCY_RETURN_TRIGGERED_433,EMERGENCY_RETURN_TRIGGERED,uav1,sink_gateway,-1,,,0,0,0,0,1.77177e+09
ugv_role_priority,uav1_EMERGENCY_RETURN_TRIGGERED_1327,EMERGENCY_RETURN_TRIGGERED,uav1,sink_gateway,-1,,,0,0,0,0,1.77177e+09
ugv_role_priority,uav1_EMERGENCY_RETURN_TRIGGERED_1333,EMERGENCY_RETURN_TRIGGERED,uav1,sink_gateway,-1,,,0,0,0,0,1.77177e+09
ugv_role_priority,uav1_EMERGENCY_RETURN_TRIGGERED_1339,EMERGENCY_RETURN_TRIGGERED,uav1,sink_gateway,-1,,,0,0,0,0,1.77177e+09
ugv_role_priority,uav2_EMERGENCY_RETURN_TRIGGERED_2609,EMERGENCY_RETURN_TRIGGERED,uav2,sink_gateway,-1,,,0,0,0,0,1.77178e+09
ugv_role_priority,ch1_EMERGENCY_RETURN_TRIGGERED_452,EMERGENCY_RETURN_TRIGGERED,ch1,sink_gateway,-1,,,0,0,0,0,1.77177e+09
ugv_role_priority,uav1_EMERGENCY_RETURN_TRIGGERED_1342,EMERGENCY_RETURN_TRIGGERED,uav1,sink_gateway,-1,,,0,0,0,0,1.77177e+09
ugv_role_priority,uav1_EMERGENCY_RETURN_TRIGGERED_1345,EMERGENCY_RETURN_TRIGGERED,uav1,sink_gateway,-1,,,0,0,0,0,1.77177e+09
ugv_role_priority,ch1_EMERGENCY_RETURN_TRIGGERED_1046,EMERGENCY_RETURN_TRIGGERED,ch1,sink_gateway,-1,,,0,0,0,0,1.77177e+09
ugv_role_priority,uav1_EMERGENCY_RETURN_TRIGGERED_1348,EMERGENCY_RETURN_TRIGGERED,uav1,sink_gateway,-1,,,0,0,0,0,1.77177e+09
ugv_role_priority,uav1_EMERGENCY_RETURN_TRIGGERED_1858,EMERGENCY_RETURN_TRIGGERED,uav1,sink_gateway,-1,,,0,0,0,0,1.77178e+09
ugv_role_priority,uav1_EMERGENCY_RETURN_TRIGGERED_1825,EMERGENCY_RETURN_TRIGGERED,uav1,sink_gateway,-1,,,0,0,0,0,1.77178e+09
ugv_role_priority,uav1_EMERGENCY_RETURN_TRIGGERED_2746,EMERGENCY_RETURN_TRIGGERED,uav1,sink_gateway,-1,,,0,0,0,0,1.77178e+09
ugv_role_priority,uav1_EMERGENCY_RETURN_TRIGGERED_1351,EMERGENCY_RETURN_TRIGGERED,uav1,sink_gateway,-1,,,0,0,0,0,1.77177e+09
ugv_role_priority,uav1_EMERGENCY_RETURN_TRIGGERED_472,EMERGENCY_RETURN_TRIGGERED,uav1,sink_gateway,-1,,,0,0,0,0,1.77177e+09
ugv_role_priority,uav1_EMERGENCY_RETURN_TRIGGERED_1360,EMERGENCY_RETURN_TRIGGERED,uav1,sink_gateway,-1,,,0,0,0,0,1.77177e+09
ugv_role_priority,uav1_EMERGENCY_RETURN_TRIGGERED_1363,EMERGENCY_RETURN_TRIGGERED,uav1,sink_gateway,-1,,,0,0,0,0,1.77177e+09
ugv_role_priority,uav1_EMERGENCY_RETURN_TRIGGERED_1357,EMERGENCY_RETURN_TRIGGERED,uav1,sink_gateway,-1,,,0,0,0,0,1.77177e+09
ugv_role_priority,uav1_EMERGENCY_RETURN_TRIGGERED_1366,EMERGENCY_RETURN_TRIGGERED,uav1,sink_gateway,-1,,,0,0,0,0,1.77177e+09
ugv_role_priority,uav1_EMERGENCY_RETURN_TRIGGERED_1870,EMERGENCY_RETURN_TRIGGERED,uav1,sink_gateway,-1,,,0,0,0,0,1.77178e+09
ugv_role_priority,ch0_EMERGENCY_RETURN_TRIGGERED_2469,EMERGENCY_RETURN_TRIGGERED,ch0,sink_gateway,-1,,,0,0,0,0,1.77178e+09
ugv_role_priority,uav1_EMERGENCY_RETURN_TRIGGERED_958,EMERGENCY_RETURN_TRIGGERED,uav1,sink_gateway,-1,,,0,0,0,0,1.77177e+09
ugv_role_priority,uav1_EMERGENCY_RETURN_TRIGGERED_1372,EMERGENCY_RETURN_TRIGGERED,uav1,sink_gateway,-1,,,0,0,0,0,1.77177e+09
ugv_role_priority,uav3_EMERGENCY_RETURN_TRIGGERED_2270,EMERGENCY_RETURN_TRIGGERED,uav3,sink_gateway,-1,,,0,0,0,0,1.77178e+09
ugv_role_priority,ch1_EMERGENCY_RETURN_TRIGGERED_1529,EMERGENCY_RETURN_TRIGGERED,ch1,sink_gateway,-1,,,0,0,0,0,1.77178e+09
ugv_role_priority,uav1_EMERGENCY_RETURN_TRIGGERED_1378,EMERGENCY_RETURN_TRIGGERED,uav1,sink_gateway,-1,,,0,0,0,0,1.77177e+09
ugv_role_priority,ch1_EMERGENCY_RETURN_TRIGGERED_994,EMERGENCY_RETURN_TRIGGERED,ch1,sink_gateway,-1,,,0,0,0,0,1.77177e+09
ugv_role_priority,ch1_EMERGENCY_RETURN_TRIGGERED_1465,EMERGENCY_RETURN_TRIGGERED,ch1,sink_gateway,-1,,,0,0,0,0,1.77178e+09
ugv_role_priority,uav1_EMERGENCY_RETURN_TRIGGERED_1849,EMERGENCY_RETURN_TRIGGERED,uav1,sink_gateway,-1,,,0,0,0,0,1.77178e+09
ugv_role_priority,uav1_EMERGENCY_RETURN_TRIGGERED_2305,EMERGENCY_RETURN_TRIGGERED,uav1,sink_gateway,-1,,,0,0,0,0,1.77178e+09
ugv_role_priority,uav1_EMERGENCY_RETURN_TRIGGERED_1381,EMERGENCY_RETURN_TRIGGERED,uav1,sink_gateway,-1,,,0,0,0,0,1.77177e+09
ugv_role_priority,ch1_EMERGENCY_RETURN_TRIGGERED_2035,EMERGENCY_RETURN_TRIGGERED,ch1,sink_gateway,-1,,,0,0,0,0,1.77178e+09
ugv_role_priority,uav1_EMERGENCY_RETURN_TRIGGERED_1330,EMERGENCY_RETURN_TRIGGERED,uav1,sink_gateway,-1,,,0,0,0,0,1.77177e+09
ugv_role_priority,uav1_EMERGENCY_RETURN_TRIGGERED_1393,EMERGENCY_RETURN_TRIGGERED,uav1,sink_gateway,-1,,,0,0,0,0,1.77177e+09
ugv_role_priority,ch0_EMERGENCY_RETURN_TRIGGERED_2421,EMERGENCY_RETURN_TRIGGERED,ch0,sink_gateway,-1,,,0,0,0,0,1.77178e+09
ugv_role_priority,uav1_EMERGENCY_RETURN_TRIGGERED_1399,EMERGENCY_RETURN_TRIGGERED,uav1,sink_gateway,-1,,,0,0,0,0,1.77177e+09
ugv_role_priority,uav1_EMERGENCY_RETURN_TRIGGERED_1879,EMERGENCY_RETURN_TRIGGERED,uav1,sink_gateway,-1,,,0,0,0,0,1.77178e+09
ugv_role_priority,uav1_EMERGENCY_RETURN_TRIGGERED_1402,EMERGENCY_RETURN_TRIGGERED,uav1,sink_gateway,-1,,,0,0,0,0,1.77177e+09
ugv_role_priority,ch0_EMERGENCY_RETURN_TRIGGERED_2451,EMERGENCY_RETURN_TRIGGERED,ch0,sink_gateway,-1,,,0,0,0,0,1.77178e+09
ugv_role_priority,uav1_EMERGENCY_RETURN_TRIGGERED_1414,EMERGENCY_RETURN_TRIGGERED,uav1,sink_gateway,-1,,,0,0,0,0,1.77177e+09
ugv_role_priority,uav1_EMERGENCY_RETURN_TRIGGERED_1420,EMERGENCY_RETURN_TRIGGERED,uav1,sink_gateway,-1,,,0,0,0,0,1.77177e+09
ugv_role_priority,uav1_EMERGENCY_RETURN_TRIGGERED_937,EMERGENCY_RETURN_TRIGGERED,uav1,sink_gateway,-1,,,0,0,0,0,1.77177e+09
ugv_role_priority,uav1_EMERGENCY_RETURN_TRIGGERED_1840,EMERGENCY_RETURN_TRIGGERED,uav1,sink_gateway,-1,,,0,0,0,0,1.77178e+09
ugv_role_priority,uav1_EMERGENCY_RETURN_TRIGGERED_1422,EMERGENCY_RETURN_TRIGGERED,uav1,sink_gateway,-1,,,0,0,0,0,1.77177e+09
ugv_role_priority,uav1_RESPAWN_COMPLETED_1429,RESPAWN_COMPLETED,uav1,sink_gateway,-1,uav1,,0,0,0,0,1.77177e+09
ugv_role_priority,ch1_EMERGENCY_RETURN_TRIGGERED_1441,EMERGENCY_RETURN_TRIGGERED,ch1,sink_gateway,-1,,,0,0,0,0,1.77178e+09
ugv_role_priority,ch1_EMERGENCY_RETURN_TRIGGERED_1462,EMERGENCY_RETURN_TRIGGERED,ch1,sink_gateway,-1,,,0,0,0,0,1.77178e+09
ugv_role_priority,uav3_EMERGENCY_RETURN_TRIGGERED_2140,EMERGENCY_RETURN_TRIGGERED,uav3,sink_gateway,-1,,,0,0,0,0,1.77178e+09
ugv_role_priority,uav1_EMERGENCY_RETURN_TRIGGERED_454,EMERGENCY_RETURN_TRIGGERED,uav1,sink_gateway,-1,,,0,0,0,0,1.77177e+09
ugv_role_priority,uav1_EMERGENCY_RETURN_TRIGGERED_1771,EMERGENCY_RETURN_TRIGGERED,uav1,sink_gateway,-1,,,0,0,0,0,1.77178e+09
ugv_role_priority,ch1_EMERGENCY_RETURN_TRIGGERED_1471,EMERGENCY_RETURN_TRIGGERED,ch1,sink_gateway,-1,,,0,0,0,0,1.77178e+09
ugv_role_priority,ch0_EMERGENCY_RETURN_TRIGGERED_2433,EMERGENCY_RETURN_TRIGGERED,ch0,sink_gateway,-1,,,0,0,0,0,1.77178e+09
ugv_role_priority,uav1_EMERGENCY_RETURN_TRIGGERED_2276,EMERGENCY_RETURN_TRIGGERED,uav1,sink_gateway,-1,,,0,0,0,0,1.77178e+09
ugv_role_priority,uav1_EMERGENCY_RETURN_TRIGGERED_1314,EMERGENCY_RETURN_TRIGGERED,uav1,sink_gateway,-1,,,0,0,0,0,1.77177e+09
ugv_role_priority,uav1_EMERGENCY_RETURN_TRIGGERED_1867,EMERGENCY_RETURN_TRIGGERED,uav1,sink_gateway,-1,,,0,0,0,0,1.77178e+09
ugv_role_priority,ch1_EMERGENCY_RETURN_TRIGGERED_1481,EMERGENCY_RETURN_TRIGGERED,ch1,sink_gateway,-1,,,0,0,0,0,1.77178e+09
ugv_role_priority,ch1_EMERGENCY_RETURN_TRIGGERED_1484,EMERGENCY_RETURN_TRIGGERED,ch1,sink_gateway,-1,,,0,0,0,0,1.77178e+09
ugv_role_priority,ch1_EMERGENCY_RETURN_TRIGGERED_1487,EMERGENCY_RETURN_TRIGGERED,ch1,sink_gateway,-1,,,0,0,0,0,1.77178e+09
ugv_role_priority,uav1_RESPAWN_COMPLETED_2765,RESPAWN_COMPLETED,uav1,sink_gateway,-1,uav1,,0,0,0,0,1.77178e+09
ugv_role_priority,ch1_EMERGENCY_RETURN_TRIGGERED_2016,EMERGENCY_RETURN_TRIGGERED,ch1,sink_gateway,-1,,,0,0,0,0,1.77178e+09
ugv_role_priority,ch1_EMERGENCY_RETURN_TRIGGERED_1497,EMERGENCY_RETURN_TRIGGERED,ch1,sink_gateway,-1,,,0,0,0,0,1.77178e+09
ugv_role_priority,uav3_EMERGENCY_RETURN_TRIGGERED_2213,EMERGENCY_RETURN_TRIGGERED,uav3,sink_gateway,-1,,,0,0,0,0,1.77178e+09
ugv_role_priority,uav1_EMERGENCY_RETURN_TRIGGERED_2740,EMERGENCY_RETURN_TRIGGERED,uav1,sink_gateway,-1,,,0,0,0,0,1.77178e+09
ugv_role_priority,ch1_EMERGENCY_RETURN_TRIGGERED_978,EMERGENCY_RETURN_TRIGGERED,ch1,sink_gateway,-1,,,0,0,0,0,1.77177e+09
ugv_role_priority,ch1_EMERGENCY_RETURN_TRIGGERED_1510,EMERGENCY_RETURN_TRIGGERED,ch1,sink_gateway,-1,,,0,0,0,0,1.77178e+09
ugv_role_priority,uav2_EMERGENCY_RETURN_TRIGGERED_2145,EMERGENCY_RETURN_TRIGGERED,uav2,sink_gateway,-1,,,0,0,0,0,1.77178e+09
ugv_role_priority,ch1_EMERGENCY_RETURN_TRIGGERED_1513,EMERGENCY_RETURN_TRIGGERED,ch1,sink_gateway,-1,,,0,0,0,0,1.77178e+09
ugv_role_priority,ch0_RESPAWN_COMPLETED_2521,RESPAWN_COMPLETED,ch0,sink_gateway,-1,ch0,,0,0,0,0,1.77178e+09
ugv_role_priority,ch1_EMERGENCY_RETURN_TRIGGERED_1532,EMERGENCY_RETURN_TRIGGERED,ch1,sink_gateway,-1,,,0,0,0,0,1.77178e+09
ugv_role_priority,uav1_EMERGENCY_RETURN_TRIGGERED_1425,EMERGENCY_RETURN_TRIGGERED,uav1,sink_gateway,-1,,,0,0,0,0,1.77177e+09
ugv_role_priority,uav1_EMERGENCY_RETURN_TRIGGERED_1864,EMERGENCY_RETURN_TRIGGERED,uav1,sink_gateway,-1,,,0,0,0,0,1.77178e+09
ugv_role_priority,uav1_RESPAWN_COMPLETED_962,RESPAWN_COMPLETED,uav1,sink_gateway,-1,uav1,,0,0,0,0,1.77177e+09
ugv_role_priority,uav1_EMERGENCY_RETURN_TRIGGERED_913,EMERGENCY_RETURN_TRIGGERED,uav1,sink_gateway,-1,,,0,0,0,0,1.77177e+09
ugv_role_priority,ch1_EMERGENCY_RETURN_TRIGGERED_1454,EMERGENCY_RETURN_TRIGGERED,ch1,sink_gateway,-1,,,0,0,0,0,1.77178e+09
ugv_role_priority,ch1_EMERGENCY_RETURN_TRIGGERED_1535,EMERGENCY_RETURN_TRIGGERED,ch1,sink_gateway,-1,,,0,0,0,0,1.77178e+09
ugv_role_priority,ch1_EMERGENCY_RETURN_TRIGGERED_1539,EMERGENCY_RETURN_TRIGGERED,ch1,sink_gateway,-1,,,0,0,0,0,1.77178e+09
ugv_role_priority,ch1_EMERGENCY_RETURN_TRIGGERED_1545,EMERGENCY_RETURN_TRIGGERED,ch1,sink_gateway,-1,,,0,0,0,0,1.77178e+09
ugv_role_priority,ch1_EMERGENCY_RETURN_TRIGGERED_1001,EMERGENCY_RETURN_TRIGGERED,ch1,sink_gateway,-1,,,0,0,0,0,1.77177e+09
ugv_role_priority,ch1_EMERGENCY_RETURN_TRIGGERED_513,EMERGENCY_RETURN_TRIGGERED,ch1,sink_gateway,-1,,,0,0,0,0,1.77177e+09
ugv_role_priority,ch1_EMERGENCY_RETURN_TRIGGERED_1551,EMERGENCY_RETURN_TRIGGERED,ch1,sink_gateway,-1,,,0,0,0,0,1.77178e+09
ugv_role_priority,uav1_EMERGENCY_RETURN_TRIGGERED_403,EMERGENCY_RETURN_TRIGGERED,uav1,sink_gateway,-1,,,0,0,0,0,1.77177e+09
ugv_role_priority,uav1_EMERGENCY_RETURN_TRIGGERED_880,EMERGENCY_RETURN_TRIGGERED,uav1,sink_gateway,-1,,,0,0,0,0,1.77177e+09
ugv_role_priority,uav1_EMERGENCY_RETURN_TRIGGERED_1780,EMERGENCY_RETURN_TRIGGERED,uav1,sink_gateway,-1,,,0,0,0,0,1.77178e+09
ugv_role_priority,uav1_EMERGENCY_RETURN_TRIGGERED_1795,EMERGENCY_RETURN_TRIGGERED,uav1,sink_gateway,-1,,,0,0,0,0,1.77178e+09
ugv_role_priority,uav1_EMERGENCY_RETURN_TRIGGERED_1807,EMERGENCY_RETURN_TRIGGERED,uav1,sink_gateway,-1,,,0,0,0,0,1.77178e+09
ugv_role_priority,uav2_EMERGENCY_RETURN_TRIGGERED_2600,EMERGENCY_RETURN_TRIGGERED,uav2,sink_gateway,-1,,,0,0,0,0,1.77178e+09
ugv_role_priority,uav1_EMERGENCY_RETURN_TRIGGERED_1804,EMERGENCY_RETURN_TRIGGERED,uav1,sink_gateway,-1,,,0,0,0,0,1.77178e+09
ugv_role_priority,uav1_EMERGENCY_RETURN_TRIGGERED_1822,EMERGENCY_RETURN_TRIGGERED,uav1,sink_gateway,-1,,,0,0,0,0,1.77178e+09
ugv_role_priority,uav1_EMERGENCY_RETURN_TRIGGERED_1834,EMERGENCY_RETURN_TRIGGERED,uav1,sink_gateway,-1,,,0,0,0,0,1.77178e+09
ugv_role_priority,uav1_EMERGENCY_RETURN_TRIGGERED_1873,EMERGENCY_RETURN_TRIGGERED,uav1,sink_gateway,-1,,,0,0,0,0,1.77178e+09
ugv_role_priority,uav1_EMERGENCY_RETURN_TRIGGERED_1876,EMERGENCY_RETURN_TRIGGERED,uav1,sink_gateway,-1,,,0,0,0,0,1.77178e+09
ugv_role_priority,uav1_EMERGENCY_RETURN_TRIGGERED_1882,EMERGENCY_RETURN_TRIGGERED,uav1,sink_gateway,-1,,,0,0,0,0,1.77178e+09
ugv_role_priority,uav1_EMERGENCY_RETURN_TRIGGERED_409,EMERGENCY_RETURN_TRIGGERED,uav1,sink_gateway,-1,,,0,0,0,0,1.77177e+09
ugv_role_priority,uav1_RESPAWN_COMPLETED_1886,RESPAWN_COMPLETED,uav1,sink_gateway,-1,uav1,,0,0,0,0,1.77178e+09
